종목명	종목코드
KODEX CD금리액티브(합성)	'459580'
TIGER 미국S&P500	'360750'
KODEX 머니마켓액티브	'488770'
KODEX 200	'069500'
TIGER 미국나스닥100	'133690'
TIGER CD금리투자KIS(합성)	'357870'
KODEX 미국S&P500	'379800'
KODEX KOFR금리액티브(합성)	'423160'
KODEX 종합채권(AA-이상)액티브	'273130'
TIGER 미국테크TOP10 INDXX	'381170'
TIGER KOFR금리액티브(합성)	'449170'
RISE 머니마켓액티브	'455890'
KODEX 미국나스닥100	'379810'
TIGER 200	'102110'
TIGER 미국필라델피아반도체나스닥	'381180'
KODEX 200TR	'278530'
KODEX CD1년금리플러스액티브(합성)	'481050'
KODEX 레버리지	'122630'
ACE 미국30년국채액티브(H)	'453850'
ACE 미국S&P500	'360200'
TIGER 미국배당다우존스	'458730'
TIGER MSCI Korea TR	'310970'
KODEX 코스닥150레버리지	'233740'
TIGER 차이나전기차SOLACTIVE	'371460'
TIGER 25-10 회사채(A+이상)액티브	'453540'
KODEX 단기채권PLUS	'214980'
ACE 미국나스닥100	'367380'
RISE 종합채권(A-이상)액티브	'385540'
KODEX 200선물인버스2X	'252670'
ACE KRX금현물	'411060'
TIGER 미국30년국채커버드콜액티브(H)	'476550'
TIGER 25-12 금융채(AA-이상)	'494900'
RISE 200	'148020'
ACE 테슬라밸류체인액티브	'457480'
KODEX 코스닥150	'229200'
KODEX 삼성그룹	'102780'
RISE CD금리액티브(합성)	'477080'
TIGER 차이나항셍테크	'371160'
TIGER CD1년금리액티브(합성)	'475630'
KODEX 25-12 은행채(AAA)액티브	'491080'
1Q 머니마켓액티브	'479080'
TIGER 미국배당다우존스타겟커버드콜2호	'458760'
TIGER TOP10	'292150'
RISE 미국S&P500	'379780'
RISE 미국나스닥100	'368590'
TIGER 종합채권(AA-이상)액티브	'451540'
SOL 조선TOP3플러스	'466920'
TIGER 단기통안채	'157450'
KODEX 25-11 은행채(AA-이상)PLUS액티브	'476810'
SOL 종합채권(AA-이상)액티브	'436140'
KIWOOM 200TR	'294400'
PLUS K방산	'449450'
TIGER 단기채권액티브	'272580'
KODEX 2차전지산업	'305720'
SOL 초단기채권액티브	'469830'
PLUS 고배당주	'161510'
SOL 미국배당다우존스	'446720'
TIGER 미국30년국채스트립액티브(합성 H)	'458250'
KODEX Top5PlusTR	'315930'
ACE 종합채권(AA-이상)KIS액티브	'356540'
TIGER 미국나스닥100타겟데일리커버드콜	'486290'
KODEX 미국S&P500(H)	'449180'
TIGER 2차전지테마	'305540'
ACE 미국빅테크TOP7 Plus	'465580'
KODEX 미국빅테크10(H)	'314250'
PLUS 200	'152100'
TIGER 리츠부동산인프라	'329200'
ACE 미국배당다우존스	'402970'
KODEX 단기채권	'153130'
KODEX 인버스	'114800'
TIGER 미국달러단기채권액티브	'329750'
KODEX 반도체	'091160'
KODEX 미국30년국채타겟커버드콜(합성 H)	'481060'
TIGER Fn반도체TOP10	'396500'
KODEX MSCI Korea TR	'278540'
KODEX 국고채30년액티브	'439870'
TIGER 인도니프티50	'453870'
KODEX 미국30년국채액티브(H)	'484790'
PLUS 머니마켓액티브	'477050'
KODEX 국고채3년	'114260'
TIGER 미국달러SOFR금리액티브(합성)	'456610'
TIGER 테슬라채권혼합Fn	'447770'
TIGER 우량회사채액티브	'438330'
TIGER 미국테크TOP10타겟커버드콜	'474220'
KODEX 미국AI전력핵심인프라	'487230'
KODEX 26-12 회사채(AA-이상)액티브	'473290'
TIGER 200 IT	'139260'
KIWOOM 국고채10년	'148070'
RISE KIS국고채30년Enhanced	'385560'
TIGER 머니마켓액티브	'0043B0'
KODEX 미국반도체	'390390'
KODEX 코스피	'226490'
KODEX 인도Nifty50	'453810'
TIMEFOLIO 글로벌AI인공지능액티브	'456600'
KODEX 200타겟위클리커버드콜	'498400'
KODEX 자동차	'091180'
ACE 200	'105190'
KODEX 미국나스닥100(H)	'449190'
RISE 미국30년국채엔화노출(합성 H)	'472870'
TIGER 미국S&P500(H)	'448290'
KIWOOM 종합채권(AA-이상)액티브	'454780'
KODEX 국고채10년액티브	'471230'
KODEX 미국배당커버드콜액티브	'441640'
KODEX 미국AI테크TOP10타겟커버드콜	'483280'
ACE 미국S&P500채권혼합액티브	'438080'
KODEX 미국달러SOFR금리액티브(합성)	'455030'
KIWOOM 200	'069660'
TIGER 2차전지소재Fn	'462010'
TIGER 미국나스닥100커버드콜(합성)	'441680'
TIGER CD금리플러스액티브(합성)	'499660'
HANARO 200	'293180'
RISE 200위클리커버드콜	'475720'
KODEX 선진국MSCI World	'251350'
PLUS 종합채권(AA-이상)액티브	'451000'
TIGER 은행고배당플러스TOP10	'466940'
RISE 단기통안채	'196230'
KODEX 은행	'091170'
TIGER 미국필라델피아AI반도체나스닥	'497570'
KODEX 27-12 회사채(AA-이상)액티브	'0007F0'
ACE 글로벌반도체TOP4 Plus SOLACTIVE	'446770'
KODEX ESG종합채권(A-이상)액티브	'439860'
TIGER 27-04회사채(A+이상)액티브	'480260'
KODEX 미국배당다우존스	'489250'
KIWOOM 머니마켓액티브	'476450'
SOL 미국AI소프트웨어	'481180'
TIGER 미국테크TOP10 INDXX(H)	'472160'
KODEX 테슬라커버드콜채권혼합액티브	'475080'
TIGER 미국S&P500타겟데일리커버드콜	'482730'
TIMEFOLIO 미국나스닥100액티브	'426030'
KODEX 미국달러선물인버스2X	'261260'
KODEX 미국30년국채울트라선물(H)	'304660'
KODEX 한국부동산리츠인프라	'476800'
1Q CD금리액티브(합성)	'491610'
RISE 글로벌자산배분액티브	'461490'
KODEX 골드선물(H)	'132030'
RISE KOFR금리액티브(합성)	'479520'
SOL 미국배당미국채혼합50	'490490'
TIGER 조선TOP10	'494670'
ACE CD금리&초단기채권액티브	'487340'
KODEX 미국나스닥100데일리커버드콜OTM	'494300'
TIGER 2차전지TOP10	'364980'
TIGER 중장기국채	'302190'
KODEX 코스닥150선물인버스	'251340'
KODEX 미국종합채권ESG액티브(H)	'437080'
TIGER 미국나스닥100(H)	'448300'
KODEX 미국서학개미	'473460'
SOL AI반도체소부장	'455850'
KODEX 200액티브	'494890'
TIGER 글로벌자율주행&전기차SOLACTIVE	'394660'
SOL 미국30년국채커버드콜(합성)	'473330'
1Q 단기금융채액티브	'463290'
SOL 미국배당다우존스(H)	'452360'
TIGER 일본니케이225	'241180'
KODEX 금융고배당TOP10타겟위클리커버드콜	'498410'
KODEX 단기변동금리부채권액티브	'273140'
ACE 국고채10년	'365780'
TIGER 글로벌AI액티브	'466950'
RISE 수소경제테마	'367770'
SOL 26-12 회사채(AA-이상)액티브	'488980'
ACE 베트남VN30(합성)	'245710'
TIGER 26-04 회사채(A+이상)액티브	'0001S0'
KIWOOM 인도Nifty50(합성)	'200250'
KODEX TRF3070	'329650'
TIGER 헬스케어	'143860'
KODEX AI반도체	'395160'
TIGER 반도체	'091230'
TIGER 화장품	'228790'
ACE 엔비디아밸류체인액티브	'483320'
ACE 미국나스닥100채권혼합액티브	'438100'
KODEX 장기종합채권(AA-이상)액티브	'363570'
KODEX TDF2050액티브	'434060'
KODEX AI전력핵심설비	'487240'
RISE 비메모리반도체액티브	'388420'
KODEX 미국나스닥100레버리지(합성 H)	'409820'
ACE 26-06 회사채(AA-이상)액티브	'461270'
TIGER 미국투자등급회사채액티브(H)	'458260'
ACE 미국달러SOFR금리(합성)	'456880'
HANARO Fn K-반도체	'395270'
TIGER 미국테크TOP10채권혼합	'472170'
RISE 200TR	'361580'
SOL 200TR	'295040'
RISE ESG사회책임투자	'290130'
KODEX 미국머니마켓액티브	'0048J0'
TIGER 글로벌리튬&2차전지SOLACTIVE(합성)	'394670'
WON 전단채플러스액티브	'496020'
TIGER 미국나스닥100채권혼합Fn	'435420'
TIGER 미국필라델피아반도체레버리지(합성)	'423920'
KIWOOM CD금리액티브(합성)	'458210'
TIGER 차이나CSI300	'192090'
TIGER 삼성그룹펀더멘털	'138520'
RISE 25-11 회사채(AA-이상)액티브	'448600'
SOL 미국AI전력인프라	'486450'
KODEX 차이나항셍테크	'372330'
KODEX 코리아밸류업	'495850'
TIGER 미국나스닥100레버리지(합성)	'418660'
SOL 미국테크TOP10	'481190'
ACE 미국빅테크7+데일리타겟커버드콜(합성)	'480020'
KODEX 미국배당다우존스타겟커버드콜	'483290'
ACE 엔비디아채권혼합블룸버그	'448540'
TIGER 코스피	'277630'
