itemcode,etfTabCode,itemname,nowVal,risefall,changeVal,changeRate,nav,threeMonthEarnRate,quant,amonut,marketSum
459580,6,KODEX CD금리액티브(합성),1070585,2,80,0.01,1070658.0,0.6832,180664,193415,83410
360750,4,TIGER 미국S&P500,19920,5,-135,-0.67,19928.0,-7.6955,2817258,56286,79780
488770,7,KODEX 머니마켓액티브,102885,2,30,0.03,102885.0,0.7542,525620,54076,69362
069500,1,KODEX 200,34640,2,30,0.09,34697.0,-0.7485,2115343,73410,61140
133690,4,TIGER 미국나스닥100,128525,5,-860,-0.66,128715.0,-7.812,171992,22191,48351
357870,6,TIGER CD금리투자KIS(합성),56100,2,10,0.02,56097.0,0.664,116714,6547,47756
379800,4,KODEX 미국S&P500,18335,5,-130,-0.7,18341.0,-7.6473,2828906,51998,42592
423160,6,KODEX KOFR금리액티브(합성),110350,2,25,0.02,110340.0,0.6752,330128,36429,38770
273130,6,KODEX 종합채권(AA-이상)액티브,118815,5,-35,-0.03,118838.0,1.2178,48387,5748,32884
381170,4,TIGER 미국테크TOP10 INDXX,22425,5,-65,-0.29,22476.0,-9.4788,862311,19423,30935
449170,6,TIGER KOFR금리액티브(합성),108850,2,15,0.01,108855.0,0.6799,73367,7986,28758
455890,6,RISE 머니마켓액티브,54205,2,5,0.01,54205.0,0.809,405235,21965,28625
379810,4,KODEX 미국나스닥100,19315,5,-130,-0.67,19354.0,-7.8917,781490,15156,25100
102110,1,TIGER 200,34615,2,65,0.19,34658.0,-0.8523,571390,19804,23884
381180,4,TIGER 미국필라델피아반도체나스닥,17205,5,-230,-1.32,17221.0,-12.7596,846965,14611,23459
278530,1,KODEX 200TR,12345,2,10,0.08,12363.0,-0.7643,112958,1396,23073
481050,6,KODEX CD1년금리플러스액티브(합성),1023460,2,50,0.0,1023436.0,0.6735,6953,7116,22062
122630,3,KODEX 레버리지,16100,2,20,0.12,16226.0,-4.0573,11025026,178342,21824
453850,6,ACE 미국30년국채액티브(H),7490,2,40,0.54,7488.0,-4.8653,5342781,40033,20905
360200,4,ACE 미국S&P500,20140,5,-140,-0.69,20144.0,-7.7092,337191,6809,20261
458730,4,TIGER 미국배당다우존스,11380,5,-75,-0.65,11343.0,-10.5358,1169698,13333,19722
310970,1,TIGER MSCI Korea TR,14395,2,5,0.03,14366.0,-3.0651,2023,29,19045
233740,3,KODEX 코스닥150레버리지,6665,5,-35,-0.52,6705.0,-24.8458,21577974,143684,18382
371460,4,TIGER 차이나전기차SOLACTIVE,9960,5,-40,-0.4,9971.0,-7.1495,1464925,14778,17494
453540,6,TIGER 25-10 회사채(A+이상)액티브,54950,2,5,0.01,54948.0,0.8812,86201,4736,17214
214980,6,KODEX 단기채권PLUS,114580,2,15,0.01,114584.0,0.8095,21656,2481,15579
367380,4,ACE 미국나스닥100,22100,5,-150,-0.67,22129.0,-7.7912,236937,5255,14895
385540,6,RISE 종합채권(A-이상)액티브,110395,2,15,0.01,110372.0,1.3218,2017,222,14713
252670,3,KODEX 200선물인버스2X,2080,5,-10,-0.48,2082.0,-1.4151,88104424,182744,13447
411060,5,ACE KRX금현물,20790,5,-95,-0.45,20728.0,0.4811,805327,16635,12827
476550,6,TIGER 미국30년국채커버드콜액티브(H),7890,2,45,0.57,7880.0,-4.7591,1284584,10139,12375
494900,6,TIGER 25-12 금융채(AA-이상),51180,2,5,0.01,51179.0,0.9169,923,47,12354
148020,1,RISE 200,34870,2,40,0.11,34917.0,-0.741,208757,7293,12205
457480,4,ACE 테슬라밸류체인액티브,14755,2,145,0.99,14772.0,-11.6687,1778318,26394,11996
229200,1,KODEX 코스닥150,11490,5,-35,-0.3,11513.0,-11.7873,3723640,42763,11754
102780,2,KODEX 삼성그룹,8240,5,-30,-0.36,8244.0,-4.2714,152251,1259,11248
477080,6,RISE CD금리액티브(합성),103900,2,20,0.02,103898.0,0.6686,1882,195,10957
371160,4,TIGER 차이나항셍테크,7950,5,-70,-0.87,7917.0,-13.1753,1202013,9620,10208
475630,7,TIGER CD1년금리액티브(합성),1044740,2,85,0.01,1044734.0,0.6978,8550,8932,10187
491080,6,KODEX 25-12 은행채(AAA)액티브,102660,2,20,0.02,102656.0,0.8003,885,90,9921
479080,6,1Q 머니마켓액티브,52225,2,10,0.02,52220.0,0.7914,359736,18786,9508
458760,4,TIGER 미국배당다우존스타겟커버드콜2호,9330,5,-85,-0.9,9311.0,-10.9777,758224,7091,9395
292150,2,TIGER TOP10,10530,5,-25,-0.24,10556.0,-5.0895,426916,4506,9303
379780,4,RISE 미국S&P500,17430,5,-120,-0.68,17430.0,-7.6948,222567,3888,9290
368590,4,RISE 미국나스닥100,21425,5,-140,-0.65,21451.0,-7.9285,181408,3899,9084
451540,6,TIGER 종합채권(AA-이상)액티브,56950,2,50,0.09,56953.0,1.1375,5672,322,8872
466920,2,SOL 조선TOP3플러스,23045,5,-35,-0.15,23055.0,22.3235,1562382,35795,8723
157450,6,TIGER 단기통안채,110475,2,5,0.0,110474.0,0.7386,8600,950,8239
476810,6,KODEX 25-11 은행채(AA-이상)PLUS액티브,10560,2,10,0.09,10556.0,0.8122,8484,89,8204
436140,6,SOL 종합채권(AA-이상)액티브,115235,2,50,0.04,115217.0,1.2927,139,16,8119
294400,1,KIWOOM 200TR,44830,2,60,0.13,44911.0,-0.7538,28910,1298,7980
449450,2,PLUS K방산,39080,2,420,1.09,39112.0,25.0646,1243078,48251,7875
272580,6,TIGER 단기채권액티브,55730,2,10,0.02,55730.0,0.7503,5003,278,7622
305720,2,KODEX 2차전지산업,9035,5,-290,-3.11,9053.0,-30.9362,2509148,22848,7607
469830,6,SOL 초단기채권액티브,53155,5,-15,-0.03,53151.0,0.8726,185496,9859,7575
161510,2,PLUS 고배당주,16240,2,145,0.9,16242.0,8.2307,707293,11465,7537
446720,4,SOL 미국배당다우존스,10430,5,-65,-0.62,10401.0,-10.7037,487743,5089,7510
458250,6,TIGER 미국30년국채스트립액티브(합성 H),36250,2,390,1.09,36312.0,-10.35,337565,12229,7473
315930,2,KODEX Top5PlusTR,21345,2,75,0.35,21343.0,-3.821,3573,76,7471
356540,6,ACE 종합채권(AA-이상)KIS액티브,108780,2,70,0.06,108787.0,1.3187,2144,233,7435
486290,4,TIGER 미국나스닥100타겟데일리커버드콜,9225,5,-70,-0.75,9242.0,-8.0159,546010,5058,7237
449180,4,KODEX 미국S&P500(H),13410,5,-50,-0.37,13446.0,-4.7485,162188,2180,7047
305540,2,TIGER 2차전지테마,11105,5,-340,-2.97,11127.0,-30.3748,712840,7983,6868
465580,4,ACE 미국빅테크TOP7 Plus,16745,3,0,0.0,16766.0,-9.315,147230,2474,6790
314250,4,KODEX 미국빅테크10(H),47460,2,95,0.2,47552.0,-2.861,99188,4708,6483
152100,1,PLUS 200,35190,2,40,0.11,35240.0,-0.7791,45637,1609,6475
329200,2,TIGER 리츠부동산인프라,4275,5,-5,-0.12,4270.0,1.8805,952743,4066,6363
402970,4,ACE 미국배당다우존스,11530,5,-100,-0.86,11497.0,-10.4696,618027,7129,6215
153130,6,KODEX 단기채권,113285,2,20,0.02,113281.0,0.7202,6922,784,6136
114800,3,KODEX 인버스,4370,5,-5,-0.11,4373.0,0.344,10598471,46252,6052
329750,6,TIGER 미국달러단기채권액티브,12510,5,-40,-0.32,12519.0,-2.7886,143082,1790,6021
091160,2,KODEX 반도체,30025,5,-175,-0.58,30099.0,-13.4671,530768,16020,5975
481060,6,KODEX 미국30년국채타겟커버드콜(합성 H),8480,2,55,0.65,8478.0,-5.0384,528046,4478,5915
396500,2,TIGER Fn반도체TOP10,9455,5,-5,-0.05,9454.0,-13.1633,464684,4404,5815
278540,1,KODEX MSCI Korea TR,11410,5,-5,-0.04,11427.0,-3.4264,1207,13,5705
439870,6,KODEX 국고채30년액티브,123145,2,115,0.09,123118.0,1.351,12132,1494,5684
453870,4,TIGER 인도니프티50,13340,2,90,0.68,13367.0,4.8923,125270,1661,5236
484790,6,KODEX 미국30년국채액티브(H),8705,2,55,0.64,8697.0,-4.9555,2077629,18086,5086
477050,6,PLUS 머니마켓액티브,52205,2,10,0.02,52202.0,0.8112,5537,289,5075
114260,6,KODEX 국고채3년,62785,2,20,0.03,62829.0,1.2175,8665,544,5028
456610,6,TIGER 미국달러SOFR금리액티브(합성),56850,5,-210,-0.37,56882.0,-2.653,8124,462,4936
447770,7,TIGER 테슬라채권혼합Fn,13900,2,150,1.09,13825.0,-0.2178,324443,4506,4921
438330,6,TIGER 우량회사채액티브,117460,2,85,0.07,117503.0,1.7211,165112,19388,4722
474220,4,TIGER 미국테크TOP10타겟커버드콜,12395,2,15,0.12,12404.0,-10.0422,104673,1299,4716
487230,4,KODEX 미국AI전력핵심인프라,13635,2,520,3.96,13111.0,1.4778,1506129,20445,4704
473290,6,KODEX 26-12 회사채(AA-이상)액티브,10790,2,10,0.09,10786.0,1.0782,11100,119,4597
139260,2,TIGER 200 IT,25425,5,-35,-0.14,25453.0,-10.7294,6633,169,4587
148070,6,KIWOOM 국고채10년,116735,2,45,0.04,116696.0,1.4431,10038,1171,4485
385560,6,RISE KIS국고채30년Enhanced,83190,2,10,0.01,83093.0,1.3611,28576,2375,4471
0043B0,6,TIGER 머니마켓액티브,100320,2,10,0.01,100323.0,,14922,1496,4454
390390,4,KODEX 미국반도체,22580,5,-270,-1.18,22620.0,-9.8086,128168,2901,4448
226490,1,KODEX 코스피,26385,2,35,0.13,26407.0,-1.2665,29279,773,4419
453810,4,KODEX 인도Nifty50,13600,2,60,0.44,13669.0,4.742,102547,1387,4413
456600,4,TIMEFOLIO 글로벌AI인공지능액티브,25055,2,305,1.23,24960.0,-9.6386,237734,5976,4330
498400,2,KODEX 200타겟위클리커버드콜,9570,2,15,0.16,9580.0,-0.5931,575550,5512,4287
091180,2,KODEX 자동차,16550,5,-225,-1.34,16556.0,-5.8748,162352,2694,4245
105190,1,ACE 200,34790,2,70,0.2,34837.0,-0.9189,12869,448,4175
449190,4,KODEX 미국나스닥100(H),16385,5,-50,-0.3,16439.0,-4.6473,189574,3114,4154
472870,6,RISE 미국30년국채엔화노출(합성 H),8215,2,20,0.24,8208.0,-4.8973,703130,5774,4071
448290,4,TIGER 미국S&P500(H),13885,5,-55,-0.39,13926.0,-5.015,101153,1408,4061
454780,6,KIWOOM 종합채권(AA-이상)액티브,109350,5,-70,-0.06,109394.0,1.3429,30,3,4012
471230,6,KODEX 국고채10년액티브,114480,3,0,0.0,114427.0,1.4219,17438,1999,3982
441640,4,KODEX 미국배당커버드콜액티브,11145,5,-55,-0.49,11129.0,-5.6127,402261,4484,3878
483280,4,KODEX 미국AI테크TOP10타겟커버드콜,10020,2,15,0.15,10038.0,-8.4881,180926,1819,3848
438080,7,ACE 미국S&P500채권혼합액티브,12480,5,-55,-0.44,12474.0,-3.9464,165569,2070,3694
455030,6,KODEX 미국달러SOFR금리액티브(합성),11770,5,-35,-0.3,11774.0,-2.7195,30179,355,3656
069660,1,KIWOOM 200,34560,2,25,0.07,34619.0,-0.7245,27192,941,3646
462010,2,TIGER 2차전지소재Fn,2955,5,-105,-3.43,2955.0,-31.5284,2658984,7923,3642
441680,7,TIGER 미국나스닥100커버드콜(합성),9730,5,-30,-0.31,9735.0,-14.6182,150491,1469,3634
499660,7,TIGER CD금리플러스액티브(합성),1002440,2,80,0.01,1002439.0,0.6963,6362,6377,3634
293180,1,HANARO 200,34725,2,45,0.13,34773.0,-0.7896,3199,111,3559
475720,3,RISE 200위클리커버드콜,8275,2,15,0.18,8273.0,0.5845,585838,4850,3558
251350,4,KODEX 선진국MSCI World,30130,5,-245,-0.81,30149.0,-5.1848,14784,447,3540
451000,6,PLUS 종합채권(AA-이상)액티브,115885,5,-35,-0.03,115880.0,1.3242,10,1,3510
466940,2,TIGER 은행고배당플러스TOP10,15595,2,220,1.43,15608.0,8.7725,449979,6998,3462
196230,6,RISE 단기통안채,115185,3,0,0.0,115191.0,0.7214,3096,356,3344
091170,2,KODEX 은행,9535,2,95,1.01,9556.0,9.9592,462630,4409,3318
497570,4,TIGER 미국필라델피아AI반도체나스닥,9995,5,-65,-0.65,10023.0,-8.5621,284004,2849,3273
0007F0,6,KODEX 27-12 회사채(AA-이상)액티브,10195,2,10,0.1,10192.0,1.3432,19673,200,3252
446770,4,ACE 글로벌반도체TOP4 Plus SOLACTIVE,25250,2,30,0.12,25199.0,-6.4402,28602,723,3232
439860,6,KODEX ESG종합채권(A-이상)액티브,115410,5,-195,-0.17,115522.0,1.3101,1938,224,3220
480260,6,TIGER 27-04회사채(A+이상)액티브,53260,2,20,0.04,53258.0,1.3419,16634,885,3208
489250,4,KODEX 미국배당다우존스,9750,5,-65,-0.66,9715.0,-10.6997,560903,5472,3188
476450,6,KIWOOM 머니마켓액티브,52340,2,5,0.01,52336.0,0.7993,521,27,3180
481180,4,SOL 미국AI소프트웨어,13350,2,5,0.04,13413.0,-4.7671,193764,2599,3131
472160,4,TIGER 미국테크TOP10 INDXX(H),14200,2,20,0.14,14261.0,-6.6492,166845,2374,3096
475080,7,KODEX 테슬라커버드콜채권혼합액티브,8880,2,55,0.62,8873.0,-4.6668,141637,1259,3055
482730,4,TIGER 미국S&P500타겟데일리커버드콜,10165,5,-60,-0.59,10161.0,-7.7583,142255,1449,3034
426030,4,TIMEFOLIO 미국나스닥100액티브,24630,5,-65,-0.26,24692.0,-8.3674,84998,2101,3025
261260,7,KODEX 미국달러선물인버스2X,5700,2,40,0.71,5714.0,6.291,575360,3274,2951
304660,6,KODEX 미국30년국채울트라선물(H),7300,2,65,0.9,7322.0,-4.8653,184782,1347,2927
476800,7,KODEX 한국부동산리츠인프라,4730,2,15,0.32,4724.0,1.1802,372861,1760,2812
491610,6,1Q CD금리액티브(합성),102120,2,15,0.01,102161.0,0.6903,2478,253,2801
461490,7,RISE 글로벌자산배분액티브,13070,5,-45,-0.34,13092.0,-2.0904,60740,795,2790
132030,5,KODEX 골드선물(H),19785,5,-45,-0.23,19811.0,12.2241,134493,2642,2790
479520,6,RISE KOFR금리액티브(합성),103555,2,20,0.02,103558.0,0.6758,3351,347,2789
490490,7,SOL 미국배당미국채혼합50,9635,5,-30,-0.31,9629.0,-6.7895,191148,1843,2746
494670,2,TIGER 조선TOP10,18265,5,-120,-0.65,18261.0,22.6484,643848,11724,2740
487340,6,ACE CD금리&초단기채권액티브,103210,2,10,0.01,103208.0,0.7664,9397,969,2719
494300,4,KODEX 미국나스닥100데일리커버드콜OTM,9060,5,-75,-0.82,9048.0,-9.5814,344223,3128,2682
364980,2,TIGER 2차전지TOP10,6115,5,-195,-3.09,6136.0,-29.513,2594467,15994,2681
302190,6,TIGER 중장기국채,52740,2,15,0.03,52736.0,1.326,7592,400,2595
251340,3,KODEX 코스닥150선물인버스,4015,2,5,0.12,4033.0,12.3249,19698741,79251,2586
437080,6,KODEX 미국종합채권ESG액티브(H),100260,2,300,0.3,100155.0,-0.4522,11332,1135,2578
448300,4,TIGER 미국나스닥100(H),16900,5,-35,-0.21,16944.0,-4.6238,147983,2504,2569
473460,4,KODEX 미국서학개미,17695,2,300,1.72,17728.0,-5.58,117084,2081,2513
455850,2,SOL AI반도체소부장,10055,5,-160,-1.57,10082.0,-17.2272,194930,1973,2509
494890,1,KODEX 200액티브,9985,5,-10,-0.1,10020.0,-0.8531,204,2,2506
394660,4,TIGER 글로벌자율주행&전기차SOLACTIVE,10140,5,-135,-1.31,10152.0,-11.7648,4222,42,2498
473330,6,SOL 미국30년국채커버드콜(합성),8700,2,40,0.46,8664.0,-8.0094,143692,1251,2493
463290,6,1Q 단기금융채액티브,107440,2,20,0.02,107437.0,0.7975,8474,910,2438
452360,4,SOL 미국배당다우존스(H),10465,5,-25,-0.24,10450.0,-7.7965,234836,2456,2407
241180,4,TIGER 일본니케이225,21445,5,-115,-0.53,21376.0,-2.1335,28972,621,2406
498410,2,KODEX 금융고배당TOP10타겟위클리커버드콜,10840,2,200,1.88,10843.0,11.2854,262770,2839,2396
273140,6,KODEX 단기변동금리부채권액티브,114245,5,-10,-0.01,114241.0,0.7051,1818,207,2383
365780,6,ACE 국고채10년,91750,2,25,0.03,91672.0,1.4264,5448,499,2362
466950,4,TIGER 글로벌AI액티브,16220,2,60,0.37,16235.0,-14.4748,65501,1064,2323
367770,2,RISE 수소경제테마,11600,2,25,0.22,11647.0,7.9052,78548,908,2308
488980,6,SOL 26-12 회사채(AA-이상)액티브,51770,2,15,0.03,51769.0,1.2223,612,31,2286
245710,4,ACE 베트남VN30(합성),21160,5,-230,-1.08,21156.0,-0.7885,18696,396,2285
0001S0,6,TIGER 26-04 회사채(A+이상)액티브,51055,2,15,0.03,51061.0,1.0392,3079,157,2265
200250,4,KIWOOM 인도Nifty50(합성),24930,2,125,0.5,25021.0,4.2226,40953,1014,2244
329650,7,KODEX TRF3070,13620,5,-45,-0.33,13608.0,-0.6544,34826,474,2234
143860,2,TIGER 헬스케어,36445,5,-260,-0.71,36386.0,-7.238,49211,1791,2223
395160,2,KODEX AI반도체,8320,5,-20,-0.24,8314.0,-10.7736,125759,1051,2221
091230,2,TIGER 반도체,31190,5,-155,-0.49,31259.0,-13.7381,74369,2330,2221
228790,2,TIGER 화장품,3570,2,75,2.15,3579.0,25.0,4604432,16327,2206
483320,4,ACE 엔비디아밸류체인액티브,8245,5,-40,-0.48,8304.0,-14.9821,501527,4155,2206
438100,7,ACE 미국나스닥100채권혼합액티브,13050,5,-50,-0.38,13051.0,-3.8533,82701,1081,2179
363570,6,KODEX 장기종합채권(AA-이상)액티브,103065,2,105,0.1,103075.0,1.3086,154,15,2179
434060,7,KODEX TDF2050액티브,14090,5,-55,-0.39,14095.0,-3.2424,104752,1479,2170
487240,2,KODEX AI전력핵심설비,11865,2,35,0.3,11894.0,4.0182,1179616,13940,2148
388420,2,RISE 비메모리반도체액티브,9305,5,-115,-1.22,9318.0,-15.2116,64310,602,2129
409820,4,KODEX 미국나스닥100레버리지(합성 H),11395,5,-85,-0.74,11490.0,-13.0304,95216,1092,2102
461270,6,ACE 26-06 회사채(AA-이상)액티브,11080,2,5,0.05,11080.0,1.0492,12746,141,2102
458260,6,TIGER 미국투자등급회사채액티브(H),47690,2,310,0.65,47633.0,-1.7584,7398,352,2099
456880,7,ACE 미국달러SOFR금리(합성),11510,5,-45,-0.39,11491.0,-2.7357,31472,362,2098
395270,2,HANARO Fn K-반도체,9315,5,-5,-0.05,9295.0,-11.7174,81321,758,2077
472170,7,TIGER 미국테크TOP10채권혼합,12355,2,5,0.04,12385.0,-3.5533,44816,555,2063
361580,1,RISE 200TR,19400,2,30,0.15,19434.0,-0.8701,6275,121,2056
295040,1,SOL 200TR,12810,2,5,0.04,12831.0,-0.7749,19802,253,2056
290130,2,RISE ESG사회책임투자,12700,2,50,0.4,12673.0,-1.801,18548,234,1981
0048J0,6,KODEX 미국머니마켓액티브,13755,5,-65,-0.47,13773.0,,799833,11021,1964
394670,4,TIGER 글로벌리튬&2차전지SOLACTIVE(합성),5700,5,-40,-0.7,5711.0,-15.6503,22201,126,1956
496020,6,WON 전단채플러스액티브,51140,2,10,0.02,51131.0,0.9078,2110,107,1921
435420,7,TIGER 미국나스닥100채권혼합Fn,12850,2,10,0.08,12840.0,-1.7598,55927,719,1876
423920,4,TIGER 미국필라델피아반도체레버리지(합성),17460,5,-520,-2.89,17504.0,-32.151,215525,3787,1830
458210,7,KIWOOM CD금리액티브(합성),106925,2,10,0.01,106899.0,0.6685,183,19,1802
192090,4,TIGER 차이나CSI300,9775,5,-90,-0.91,9754.0,-5.0073,38432,378,1799
138520,2,TIGER 삼성그룹펀더멘털,10870,2,65,0.6,10893.0,-2.6051,10386,113,1787
448600,6,RISE 25-11 회사채(AA-이상)액티브,52715,2,10,0.02,52709.0,0.8302,1632,86,1772
486450,4,SOL 미국AI전력인프라,14400,2,625,4.54,13758.0,-1.0488,196249,2822,1764
372330,4,KODEX 차이나항셍테크,7940,5,-60,-0.75,7896.0,-12.9015,225447,1799,1747
495850,1,KODEX 코리아밸류업,10360,2,65,0.63,10357.0,1.2788,16585,171,1740
418660,4,TIGER 미국나스닥100레버리지(합성),22445,5,-230,-1.01,22483.0,-18.3178,47575,1073,1717
481190,4,SOL 미국테크TOP10,12100,5,-40,-0.33,12135.0,-9.3083,34003,413,1700
480020,4,ACE 미국빅테크7+데일리타겟커버드콜(합성),9805,3,0,0.0,9848.0,-13.1225,65873,646,1686
483290,4,KODEX 미국배당다우존스타겟커버드콜,9040,5,-85,-0.93,9023.0,-11.4937,339766,3077,1672
448540,7,ACE 엔비디아채권혼합블룸버그,22125,2,30,0.14,22100.0,-1.5813,48836,1079,1659
277630,1,TIGER 코스피,26860,5,-30,-0.11,26895.0,-1.2088,8156,219,1652
467940,6,KODEX 25-11 회사채(A+이상)액티브,10865,3,0,0.0,10873.0,0.7884,5260,57,1647
498270,4,KIWOOM 미국양자컴퓨팅,10230,2,860,9.18,10329.0,3.1483,1635945,16815,1647
451530,6,TIGER 국고채30년스트립액티브,61945,5,-5,-0.01,61916.0,1.5573,20188,1250,1609
272560,6,RISE 단기국공채액티브,113190,2,10,0.01,113188.0,0.9139,2987,338,1596
472920,6,HK 종합채권(AA-이상)액티브,111605,3,0,0.0,111602.0,1.2795,5,0,1593
496080,1,TIGER 코리아밸류업,10335,2,15,0.15,10368.0,1.4749,44491,460,1586
305080,6,TIGER 미국채10년선물,12135,5,-20,-0.16,12144.0,-3.1475,137868,1677,1578
493810,4,TIGER 미국AI빅테크10타겟데일리커버드콜,9365,5,-25,-0.27,9395.0,-9.7463,84553,794,1569
385550,6,RISE 단기채권알파액티브,112505,5,-5,0.0,112509.0,0.951,250,28,1553
219480,4,KODEX 미국S&P500선물(H),26080,5,-75,-0.29,26081.0,-4.7177,4728,123,1539
462900,2,KoAct 바이오헬스케어액티브,14315,5,-50,-0.35,14290.0,0.1743,222509,3181,1532
481430,6,RISE 국고채10년액티브,107950,5,-110,-0.1,108018.0,1.4552,23706,2566,1525
462330,2,KODEX 2차전지산업레버리지,625,5,-41,-6.16,627.0,-54.7247,21579063,13715,1518
114100,6,RISE 국고채3년,111045,2,40,0.04,111039.0,1.3226,187,20,1517
0008S0,4,TIGER 미국배당다우존스타겟데일리커버드콜,8470,5,-65,-0.76,8450.0,-10.5815,248417,2108,1503
0000J0,2,PLUS 한화그룹주,20275,5,-385,-1.86,20314.0,22.1328,246230,4987,1500
480030,4,ACE 미국500데일리타겟커버드콜(합성),9495,5,-30,-0.31,9475.0,-9.9717,58558,556,1500
492500,7,1Q 현대차그룹채권(A+이상)&국고통안,51330,2,25,0.05,51326.0,1.1833,285,14,1477
143850,4,TIGER 미국S&P500선물(H),62360,5,-175,-0.28,62339.0,-4.7957,2588,161,1450
364970,2,TIGER 바이오TOP10,6895,5,-135,-1.92,6908.0,-13.7318,555700,3859,1438
244580,2,KODEX 바이오,8695,5,-65,-0.74,8706.0,5.0989,182768,1590,1433
0016X0,6,SOL 중단기회사채(A-이상)액티브,50660,2,15,0.03,50646.0,1.1888,76985,3899,1417
283580,4,KODEX 차이나CSI300,11990,5,-120,-0.99,11965.0,-4.6457,82234,993,1415
488500,4,TIGER 미국S&P500동일가중,10195,5,-65,-0.63,10173.0,-6.9979,73613,750,1407
433330,4,SOL 미국S&P500,16680,5,-120,-0.71,16678.0,-7.6315,31718,530,1401
309230,4,ACE 미국WideMoat동일가중,24810,5,-135,-0.54,24785.0,-8.0844,20823,518,1389
228810,2,TIGER 미디어컨텐츠,6750,2,230,3.53,6762.0,10.4149,530796,3548,1373
232080,1,TIGER 코스닥150,11770,5,-35,-0.3,11789.0,-12.0081,136515,1604,1370
464240,6,KIWOOM 26-09회사채(AA-이상)액티브,53015,3,0,0.0,53019.0,1.135,1095,58,1368
479730,4,TIGER 인도빌리언컨슈머,9970,2,40,0.4,9947.0,3.5345,31107,306,1331
483230,6,RISE 25-06 은행채(AA+이상)액티브,51650,2,15,0.03,51639.0,0.702,11,0,1326
498180,6,파워 종합채권(AA-이상)액티브,102920,3,0,0.0,102905.0,1.1548,0,0,1308
464930,4,TIGER 글로벌혁신블루칩TOP10,15030,2,35,0.23,15022.0,-8.5671,18072,271,1308
414780,4,TIGER 차이나과창판STAR50(합성),7575,5,-90,-1.17,7695.0,-12.9966,61090,466,1288
139230,2,TIGER 200 중공업,8390,5,-40,-0.47,8384.0,22.6181,843148,7014,1285
136340,6,RISE 중기우량회사채,107655,2,50,0.05,107670.0,1.2819,413,44,1276
476760,6,ACE 미국30년국채액티브,9140,2,15,0.16,9140.0,-8.2177,349680,3201,1270
284430,6,KODEX 200미국채혼합,12910,2,30,0.23,12910.0,-2.4982,42668,550,1270
182480,7,TIGER 미국MSCI리츠(합성 H),12165,5,-50,-0.41,12227.0,-5.872,10282,124,1253
475050,2,ACE KPOP포커스,11990,2,345,2.96,11977.0,14.2226,672538,7950,1253
319640,4,TIGER 골드선물(H),21045,5,-50,-0.24,21066.0,12.2372,33210,695,1242
466400,6,1Q 25-08 회사채(A+이상)액티브,108615,5,-20,-0.02,108616.0,0.84,60,6,1235
302450,1,RISE 코스피,27110,2,10,0.04,27150.0,-1.2247,1037,28,1234
144600,5,KODEX 은선물(H),5860,5,-55,-0.93,5855.0,-0.1688,267694,1562,1231
0000Y0,6,HK 26-12 회사채(AA-이상)액티브,101905,5,-5,0.0,101919.0,1.1764,10,1,1228
282000,3,RISE 국고채3년선물인버스,109870,5,-60,-0.05,109911.0,-0.0046,4,0,1226
485540,4,KODEX 미국AI테크TOP10,10520,2,15,0.14,10539.0,-8.0767,65309,688,1220
445290,2,KODEX 로봇액티브,13915,5,-10,-0.07,13911.0,-8.7604,99315,1383,1211
463250,2,TIGER K방산&우주,23110,2,380,1.67,23118.0,32.4823,486751,11161,1202
451060,1,1Q K200액티브,11210,2,35,0.31,11225.0,-0.843,6200,69,1194
465350,3,RISE 2차전지TOP10인버스(합성),46000,2,1395,3.13,45983.0,39.7618,327646,14960,1185
462540,6,SOL 25-09 회사채(AA-이상)액티브,54330,3,0,0.0,54323.0,0.8539,843,45,1181
364960,2,TIGER BBIG,5420,5,-90,-1.63,5405.0,-13.4873,53215,288,1171
304940,4,KODEX 미국나스닥100선물(H),24255,5,-50,-0.21,24315.0,-4.7983,45651,1110,1164
442320,4,RISE 글로벌원자력,23905,2,1455,6.48,22924.0,3.0998,350221,8308,1159
489570,6,HANARO 25-12 은행채(AA+이상)액티브,10220,5,-5,-0.05,10229.0,0.7885,1565,16,1120
490090,4,TIGER 미국AI빅테크10,10715,2,15,0.14,10744.0,-9.7047,99426,1069,1120
157490,2,TIGER 소프트웨어,7745,5,-5,-0.06,7749.0,-6.4914,274350,2125,1100
476750,6,ACE 미국30년국채엔화노출액티브(H),8795,5,-5,-0.06,8787.0,-4.4725,159436,1403,1099
478150,4,TIMEFOLIO 글로벌우주테크&방산액티브,15685,5,-185,-1.17,15690.0,9.5994,155321,2434,1090
326240,2,RISE IT플러스,13685,5,-70,-0.51,13693.0,-13.3435,5076,69,1089
168580,4,ACE 중국본토CSI300,26960,5,-140,-0.52,26914.0,-5.3937,18879,509,1089
495710,6,BNK 26-06 특수채(AAA이상)액티브,50925,2,15,0.03,50903.0,0.9718,1,0,1077
473440,6,ACE 11월만기자동연장회사채AA-이상액티브,10630,3,0,0.0,10629.0,0.9496,4149,44,1076
401470,2,KODEX 메타버스액티브,7360,2,80,1.1,7378.0,0.8449,40829,299,1075
465780,6,마이티 26-09 특수채(AAA)액티브,106205,2,50,0.05,106196.0,1.1,193,20,1074
489870,6,KIWOOM 25-09 회사채(AA-이상)액티브,51280,2,10,0.02,51279.0,0.8557,137,7,1067
463050,2,TIMEFOLIO K바이오액티브,11980,5,-80,-0.66,11957.0,-3.2879,63203,757,1054
461950,2,KODEX 2차전지핵심소재10,3015,5,-110,-3.52,3014.0,-31.7388,765722,2325,1052
429000,4,TIGER 미국S&P500배당귀족,11600,5,-80,-0.68,11566.0,-5.9582,66357,769,1044
228800,2,TIGER 여행레저,3210,5,-10,-0.31,3210.0,4.5794,398309,1273,1043
491230,6,PLUS 국공채머니마켓액티브,51305,2,5,0.01,51295.0,0.8155,2336,119,1039
419890,6,KIWOOM 단기채권ESG액티브,108190,2,15,0.01,108191.0,1.032,277,29,1039
245340,4,TIGER 미국다우존스30,28200,5,-130,-0.46,28145.0,-8.5746,6927,195,1032
412770,4,TIGER 글로벌AI플랫폼액티브,11620,5,-40,-0.34,11558.0,-8.2613,2755,32,1026
130730,6,KIWOOM 단기자금,102900,2,25,0.02,102892.0,0.7985,10805,1111,1026
471990,2,KODEX AI반도체핵심장비,8090,5,-65,-0.8,8106.0,-19.1053,179170,1455,1015
385510,2,KODEX 신재생에너지액티브,19930,2,210,1.06,19896.0,9.1674,495729,9840,1006
438570,6,SOL 국고채10년,109700,2,60,0.05,109630.0,1.4011,147,16,1005
213610,2,KODEX 삼성그룹밸류,7965,5,-50,-0.62,7970.0,-3.2706,7311,58,996
328370,1,PLUS 코스피TR,14330,2,50,0.35,14296.0,-1.1423,5690,81,989
401170,2,RISE 메타버스,6055,2,60,1.0,6041.0,-4.1567,10015,60,988
0025N0,7,TIGER TDF2045,9740,5,-35,-0.36,9751.0,,97053,946,974
0005A0,4,KODEX 미국S&P500데일리커버드콜OTM,8730,5,-90,-1.02,8731.0,-8.2111,130144,1140,969
441800,1,TIMEFOLIO Korea플러스배당액티브,13270,2,185,1.41,13290.0,-0.5473,104128,1379,969
422420,2,RISE 2차전지액티브,4680,5,-140,-2.9,4699.0,-33.6089,359096,1698,958
455860,2,SOL 2차전지소부장Fn,2935,5,-95,-3.14,2925.0,-30.4089,418653,1231,957
0046A0,6,TIGER 미국초단기(3개월이하)국채,9535,5,-50,-0.52,9552.0,,329215,3145,954
0026E0,4,KODEX 미국S&P500버퍼3월액티브,9495,5,-15,-0.16,9546.0,,3868,36,950
453330,4,RISE 미국S&P500(H),14140,5,-45,-0.32,14169.0,-4.754,12601,178,947
473590,4,ACE 미국주식베스트셀러,17670,2,85,0.48,17642.0,-3.802,61585,1090,937
465610,4,ACE 미국빅테크TOP7 Plus레버리지(합성),22810,5,-50,-0.22,23022.0,-22.9915,23416,540,935
472150,2,TIGER 배당커버드콜액티브,10330,2,30,0.29,10321.0,0.253,19922,205,935
325020,2,KODEX 배당가치,13800,5,-10,-0.07,13794.0,1.4396,6112,84,925
332930,1,HANARO 200TR,44905,2,95,0.21,44948.0,-0.8738,63,2,921
270810,1,RISE 코스닥150,11405,5,-45,-0.39,11438.0,-11.9841,100231,1144,917
434730,2,HANARO 원자력iSelect,26490,2,1165,4.6,26445.0,15.6287,982935,25737,914
150460,2,TIGER 중국소비테마,7225,3,0,0.0,7237.0,15.8966,83208,599,913
190620,6,ACE 단기통안채,101585,2,5,0.0,101583.0,0.7688,22142,2249,911
475280,6,ACE 8월만기자동연장회사채AA-이상액티브,10515,3,0,0.0,10513.0,0.9601,11,0,910
461500,6,HANARO 종합채권(AA-이상)액티브,114945,2,30,0.03,115001.0,0.9886,367,42,891
448330,1,KODEX 삼성전자채권혼합,10580,5,-25,-0.24,10569.0,-0.4693,38514,407,889
489030,2,PLUS 고배당주위클리커버드콜,9890,2,95,0.97,9899.0,9.5392,136828,1349,880
275980,4,TIGER 글로벌4차산업혁신기술(합성 H),17000,2,40,0.24,17082.0,-5.2514,5114,86,870
400970,2,TIGER Fn메타버스,6980,3,0,0.0,6989.0,-0.2002,23683,165,869
102970,2,KODEX 증권,9940,2,105,1.07,9908.0,26.4138,710028,7060,865
114820,6,TIGER 국채3년,108245,2,50,0.05,108263.0,1.2891,633,68,862
325010,2,KODEX 성장주,14160,5,-5,-0.04,14191.0,-5.5289,36,0,850
308620,6,KODEX 미국10년국채선물,11465,2,10,0.09,11448.0,-3.047,81692,937,848
310960,1,TIGER 200TR,20120,2,105,0.52,20066.0,-0.7439,30894,619,845
251600,7,PLUS 고배당주채권혼합,13010,2,65,0.5,12950.0,4.4288,176968,2299,833
204480,4,TIGER 차이나CSI300레버리지(합성),16695,5,-395,-2.31,16918.0,-11.9073,18901,318,828
329660,7,KODEX TRF5050,16040,5,-90,-0.56,16039.0,-1.7063,13726,220,818
452250,6,ACE 미국30년국채선물레버리지(합성 H),5175,2,65,1.27,5204.0,-10.5079,218206,1126,810
464310,4,TIGER 글로벌AI&로보틱스 INDXX,11985,5,-100,-0.83,11957.0,-13.8632,29035,348,809
475350,4,RISE 버크셔포트폴리오TOP10,11945,5,-100,-0.83,11920.0,-8.5769,50921,610,800
267770,3,TIGER 200선물레버리지,12305,2,30,0.24,12313.0,-4.2512,82451,1019,800
480310,4,TIGER 글로벌온디바이스AI,9895,5,-115,-1.15,9904.0,-10.071,87993,870,787
480040,4,ACE 미국반도체데일리타겟커버드콜(합성),8405,5,-100,-1.18,8426.0,-14.7112,51758,435,773
0026S0,4,1Q 미국S&P500,9790,5,-60,-0.61,9786.0,,166809,1640,764
486830,6,HANARO 머니마켓액티브,51540,5,-5,-0.01,51544.0,0.7919,916,47,762
469070,2,RISE AI&로봇,8945,2,10,0.11,8937.0,-14.6121,161527,1441,760
365000,2,TIGER 인터넷TOP10,3540,2,5,0.14,3532.0,-16.706,139890,494,759
449770,4,KIWOOM 미국S&P500,16035,5,-110,-0.68,16050.0,-7.6109,3453,55,754
441540,2,HANARO Fn조선해운,21850,5,-10,-0.05,21830.0,22.0138,67552,1465,743
476690,4,TIGER 글로벌비만치료제TOP2Plus,8660,5,-25,-0.29,8588.0,-13.9247,33664,290,740
468820,6,WON 25-09 회사채(AA-이상)액티브,54690,5,-15,-0.03,54686.0,0.8387,2,0,738
0047A0,4,TIGER 차이나테크TOP10,10035,5,-65,-0.64,9986.0,,2177258,21921,728
292560,7,TIGER 일본엔선물,9070,5,-35,-0.38,9070.0,0.9423,59501,539,726
266420,2,KODEX 헬스케어,16370,5,-155,-0.94,16407.0,-6.7544,17395,285,720
195980,4,PLUS 신흥국MSCI(합성 H),10500,2,5,0.05,10493.0,2.6405,14373,150,710
399110,4,SOL 미국S&P500ESG,15410,5,-105,-0.68,15390.0,-8.7139,6504,100,709
261270,7,KODEX 미국달러선물인버스,8215,2,30,0.37,8230.0,3.542,70011,573,694
494310,2,KODEX 반도체레버리지,7705,5,-85,-1.09,7800.0,-29.0529,1045237,8152,690
138540,2,TIGER 현대차그룹+펀더멘털,27355,3,0,0.0,27307.0,1.4387,141492,3862,684
252710,3,TIGER 200선물인버스2X,2210,5,-5,-0.23,2208.0,-1.1161,678207,1489,676
491010,4,TIGER 글로벌AI전력인프라액티브,12730,2,230,1.84,12569.0,-7.476,126459,1618,671
458750,4,TIGER 미국배당다우존스타겟커버드콜1호,10345,5,-95,-0.91,10325.0,-10.8531,43212,447,667
440640,6,ACE 단기채권알파액티브,110475,2,5,0.0,110486.0,0.895,950,104,666
471760,2,TIGER AI반도체핵심공정,7520,5,-75,-0.99,7515.0,-21.1237,276745,2089,662
278240,3,RISE 코스닥150선물레버리지,7510,5,-45,-0.6,7512.0,-24.5255,3106,23,657
471460,6,KIWOOM 국고채30년액티브,65465,2,45,0.07,65503.0,1.3336,21274,1392,655
174360,4,RISE 중국본토대형주CSI100,18080,5,-150,-0.82,17990.0,-4.58,3713,67,651
329670,7,KODEX TRF7030,18445,5,-170,-0.91,18488.0,-2.7684,8408,155,646
245360,4,TIGER 차이나HSCEI,12500,5,-100,-0.79,12420.0,-3.8315,10931,137,644
497880,6,SOL CD금리&머니마켓액티브,50115,2,10,0.02,50117.0,0.8027,31997,1603,642
233160,3,TIGER 코스닥150 레버리지,7475,5,-45,-0.6,7482.0,-24.8752,189618,1415,632
266160,2,RISE 고배당,13715,2,55,0.4,13740.0,2.9777,8453,116,631
139280,2,TIGER 경기방어,10290,5,-10,-0.1,10269.0,1.8793,12322,126,630
269540,4,PLUS 미국S&P500(H),23200,5,-60,-0.26,23240.0,-5.0264,3911,90,626
490590,4,RISE 미국AI밸류체인데일리고정커버드콜,9720,5,-45,-0.46,9718.0,-7.8861,175958,1716,622
0052D0,2,TIGER 코리아배당다우존스,10010,2,95,0.96,9995.0,,1153188,11504,621
395290,2,HANARO Fn K-POP&미디어,8955,2,225,2.58,8953.0,6.3985,274338,2430,618
437070,6,KODEX 아시아달러채권ESG플러스액티브,58815,5,-120,-0.2,58755.0,-3.163,58,3,607
476070,4,KODEX 글로벌비만치료제TOP2 Plus,8980,5,-35,-0.39,8892.0,-15.2407,20168,180,606
490480,2,SOL K방산,19600,2,95,0.49,19624.0,18.4202,175267,3426,598
460960,7,ACE 글로벌인컴TOP10 SOLACTIVE,10455,5,-25,-0.24,10448.0,-8.1186,22038,230,591
272910,6,ACE 중장기국공채액티브,108875,2,60,0.06,108891.0,1.4639,195,21,585
261220,5,KODEX WTI원유선물(H),13200,5,-160,-1.2,13173.0,-12.9359,89161,1178,584
139660,7,KIWOOM 미국달러선물인버스,8530,2,10,0.12,8557.0,3.6496,2481,21,582
204450,4,KODEX 차이나H레버리지(H),2635,2,5,0.19,2620.0,-6.572,248073,655,567
453080,4,KIWOOM 미국나스닥100(H),16965,5,-10,-0.06,17012.0,-5.0244,167390,2845,560
237350,1,KODEX 코스피100,26540,2,30,0.11,26550.0,-1.5304,10186,270,557
261240,7,KODEX 미국달러선물,13725,5,-45,-0.33,13717.0,-2.7199,26920,369,552
412570,2,TIGER 2차전지TOP10레버리지,675,5,-36,-5.06,672.0,-54.0995,6710299,4565,543
411420,4,KODEX 미국나스닥AI테크액티브,14555,5,-25,-0.17,14541.0,-6.0265,4972,72,539
447620,7,SOL 미국TOP5채권혼합40 Solactive,13070,2,25,0.19,13074.0,-3.727,9984,130,536
454320,2,HANARO CAPEX설비투자iSelect,18380,2,280,1.55,18379.0,6.8098,28213,515,533
455960,6,RISE 미국달러SOFR금리액티브(합성),11455,5,-45,-0.39,11478.0,-2.7073,194,2,533
484880,2,SOL 금융지주플러스고배당,12790,2,200,1.59,12792.0,11.1699,137324,1753,531
225040,4,TIGER 미국S&P500레버리지(합성 H),42420,5,-230,-0.54,42557.0,-12.7009,4882,207,526
471040,4,KoAct 글로벌AI&로봇액티브,13825,2,75,0.55,13839.0,-14.0894,18083,250,525
203780,4,TIGER 미국나스닥바이오,20710,5,-65,-0.31,20611.0,-14.0997,20076,415,518
461260,6,ACE 25-06 회사채(AA-이상)액티브,10865,2,5,0.05,10881.0,0.5555,393,4,511
280930,4,KODEX 미국러셀2000(H),12145,5,-30,-0.25,12163.0,-9.8483,8585,104,510
123320,3,TIGER 레버리지,15940,2,20,0.13,15960.0,-4.0097,58799,941,510
453650,4,KODEX 미국S&P500금융,16955,5,-125,-0.73,17015.0,-5.7188,8723,148,509
487910,4,ACE 인도컨슈머파워액티브,9065,2,5,0.06,9074.0,2.4307,24360,221,508
468380,6,KODEX iShares미국하이일드액티브,10945,5,-15,-0.14,10942.0,-3.9524,64602,707,506
490600,4,RISE 미국배당100데일리고정커버드콜,8620,5,-70,-0.81,8594.0,-10.5784,124782,1077,504
448490,6,HANARO 32-10 국고채액티브,58055,2,35,0.06,57999.0,1.5223,36,2,498
475260,6,ACE 2월만기자동연장회사채AA-이상액티브,10530,3,0,0.0,10526.0,0.9587,2522,26,495
403790,1,마이다스 코스피액티브,21165,2,15,0.07,21165.0,0.8583,222,4,492
464470,6,PLUS 미국채30년액티브,48470,2,150,0.31,48466.0,-7.969,33137,1607,491
315960,2,RISE 대형고배당10TR,18890,2,20,0.11,18933.0,-1.4365,2229,42,491
461600,6,SOL 미국30년국채액티브(H),8570,2,70,0.82,8549.0,-5.028,48372,414,488
426150,6,WON 대한민국국고채액티브,58970,2,115,0.2,58908.0,1.221,2312,136,487
279530,2,KODEX 고배당,11240,2,85,0.76,11245.0,7.7569,67156,753,483
456680,4,TIGER 차이나전기차레버리지(합성),6450,5,-75,-1.15,6516.0,-16.0232,24831,162,482
385720,1,TIMEFOLIO 코스피액티브,10000,2,30,0.3,10036.0,0.4534,16823,168,480
491620,4,RISE 미국테크100데일리고정커버드콜,9480,5,-35,-0.37,9486.0,-8.2804,159418,1515,479
395170,2,KODEX Top10동일가중,6935,5,-50,-0.72,6943.0,-5.506,787,5,479
423170,4,SOL 한국형글로벌반도체액티브,17420,5,-285,-1.61,17540.0,-10.2318,7317,128,477
496090,1,KIWOOM 코리아밸류업,10235,2,55,0.54,10254.0,1.2935,251,2,471
407830,4,에셋플러스 글로벌플랫폼액티브,13450,2,35,0.26,13486.0,-4.5536,2713,36,471
099140,4,KODEX 차이나H,21780,5,-155,-0.71,21695.0,-4.0884,6197,136,468
447430,2,ACE 주주환원가치주액티브,14165,2,165,1.18,14175.0,5.9722,37618,532,467
495050,1,RISE 코리아밸류업,10320,2,40,0.39,10344.0,1.2408,1924,19,464
278620,6,PLUS 단기채권액티브,117360,2,50,0.04,117351.0,0.9161,180,21,461
117700,2,KODEX 건설,3630,2,185,5.37,3645.0,10.5229,1129602,4078,461
461460,6,PLUS 국고채10년액티브,56495,2,15,0.03,56435.0,1.5735,162,9,458
426020,4,TIMEFOLIO 미국S&P500액티브,20160,5,-40,-0.2,20252.0,-8.4108,22095,447,456
465330,2,RISE 2차전지TOP10,6270,5,-230,-3.54,6273.0,-30.5779,406131,2565,455
433970,7,KODEX TDF2030액티브,12790,5,-25,-0.2,12802.0,-1.7556,17867,228,454
336160,6,RISE 금융채액티브,103960,2,45,0.04,103963.0,1.3824,427,44,447
101280,4,KODEX 일본TOPIX100,22290,2,15,0.07,22245.0,-0.1077,3851,85,441
0000D0,7,TIGER 엔비디아미국채커버드콜밸런스(합성),8790,2,45,0.51,8780.0,-8.2372,20139,176,440
152870,1,파워 200,34955,2,30,0.09,35027.0,-0.8151,42,1,437
414270,4,ACE 글로벌자율주행액티브,11295,2,5,0.04,11253.0,-8.1741,123378,1394,435
475270,6,ACE 5월만기자동연장회사채AA-이상액티브,10500,3,0,0.0,10503.0,0.7194,3500,36,435
359210,1,KODEX 코스피TR,13165,3,0,0.0,13169.0,-1.0523,2771,36,434
469170,2,ACE 포스코그룹포커스,4095,5,-70,-1.68,4082.0,-14.1061,298515,1226,434
476030,4,SOL 미국나스닥100,12190,5,-65,-0.53,12198.0,-7.878,18406,225,433
472830,6,RISE 미국30년국채커버드콜(합성),8630,2,30,0.35,8599.0,-6.8861,66338,572,432
0048K0,4,KODEX 차이나휴머노이드로봇,9060,5,-140,-1.52,9068.0,,798401,7339,430
122260,6,KIWOOM 통안채1년,104255,2,5,0.0,104263.0,0.8952,578,60,427
322400,2,HANARO e커머스,9930,2,50,0.51,9950.0,-4.0032,2217,21,427
0007N0,1,아이엠에셋 200,34935,2,40,0.11,34947.0,-0.8524,2000,69,419
367760,2,RISE 5G테크,9930,5,-10,-0.1,9929.0,-9.9801,7405,73,417
108450,2,ACE 삼성그룹섹터가중,13680,5,-80,-0.58,13695.0,-3.5402,587,8,410
266360,2,KODEX 미디어&엔터테인먼트,11630,5,-25,-0.21,11644.0,-2.7697,51220,596,407
445150,2,KODEX 친환경조선해운액티브,20825,2,70,0.34,20786.0,22.2968,16085,332,406
496770,4,PLUS 글로벌방산,15185,5,-90,-0.59,15193.0,42.0005,49365,753,402
421320,2,PLUS 우주항공&UAM,20115,5,-30,-0.15,20071.0,14.1295,28171,565,402
152380,6,KODEX 국채선물10년,71040,5,-25,-0.04,71031.0,1.2899,13224,940,401
477730,4,KODEX 인도타타그룹,9250,2,35,0.38,9291.0,0.9863,10862,99,398
396520,4,TIGER 차이나반도체FACTSET,6470,5,-60,-0.92,6456.0,-16.2821,46469,303,396
245350,4,TIGER 유로스탁스배당30,15860,5,-140,-0.87,15738.0,20.3278,12194,195,389
195970,4,PLUS 선진국MSCI(합성 H),13395,5,-70,-0.52,13407.0,6.6957,3808,51,388
433980,7,KODEX TDF2040액티브,13550,5,-45,-0.33,13549.0,-2.5728,13211,179,386
195930,4,TIGER 유로스탁스50(합성 H),19795,2,65,0.33,19760.0,0.8949,9430,186,386
371470,4,TIGER 차이나바이오테크SOLACTIVE,6525,5,-30,-0.46,6506.0,2.262,47869,315,384
458030,6,WON 단기국공채액티브,53790,3,0,0.0,53795.0,0.7775,857,46,381
444490,4,WON 미국S&P500,15130,5,-105,-0.69,15127.0,-7.6667,4177,63,378
388280,2,RISE 컨택트대표,7150,2,80,1.13,7165.0,8.5021,9614,68,378
438320,4,TIGER 차이나항셍테크레버리지(합성 H),8230,5,-45,-0.54,8172.0,-25.4841,97248,807,376
337160,2,KODEX 200ESG,13380,3,0,0.0,13374.0,-2.6626,1966,26,375
453010,7,PLUS KOFR금리,107560,2,15,0.01,107557.0,0.6645,1025,110,372
469150,2,ACE AI반도체포커스,12560,5,-95,-0.75,12579.0,-12.9343,37288,472,371
332500,1,ACE 200TR,22990,2,25,0.11,23023.0,-0.7778,335,7,368
0038A0,4,KODEX 미국휴머노이드로봇,11475,2,55,0.48,11496.0,,526823,6059,367
276970,4,KODEX 미국S&P500배당귀족커버드콜(합성 H),7780,5,-25,-0.32,7732.0,-5.7823,8852,68,366
463300,4,RISE 중국본토CSI300,10375,5,-80,-0.77,10394.0,-4.8681,3380,35,363
466930,2,SOL 자동차TOP3플러스,9425,5,-145,-1.52,9409.0,-5.7793,22837,215,363
475380,7,RISE 글로벌리얼티인컴,10025,5,-70,-0.69,10003.0,-3.5817,11545,115,361
138230,7,KIWOOM 미국달러선물,15605,5,-35,-0.22,15584.0,-2.7364,729,11,360
261250,7,KODEX 미국달러선물레버리지,15195,5,-155,-1.01,15198.0,-6.231,55678,847,353
332940,1,HANARO MSCI Korea TR,14330,2,55,0.39,14318.0,-3.4495,51,0,344
304780,3,HANARO 200선물레버리지,18015,2,140,0.78,17914.0,-4.1041,74,1,342
123310,3,TIGER 인버스,4895,2,5,0.1,4878.0,0.5138,63722,310,338
461340,4,HANARO 글로벌생성형AI액티브,19735,5,-10,-0.05,19753.0,-7.923,5020,99,335
448570,1,FOCUS AI코리아액티브,12425,2,35,0.28,12427.0,-2.8083,488,6,335
476850,1,KoAct 배당성장액티브,9715,2,55,0.57,9726.0,3.139,3839,37,335
167860,6,KIWOOM 국고채10년레버리지,115035,2,200,0.17,115293.0,1.4846,154,17,334
488720,7,WON 종합채권(AA-이상)액티브,52205,2,60,0.12,52139.0,1.3803,1968,102,327
364990,2,TIGER 게임TOP10,5130,5,-105,-2.01,5140.0,0.673,63400,326,326
0008T0,2,SOL 화장품TOP3플러스,13270,2,350,2.71,13242.0,22.0595,421426,5517,325
491220,1,PLUS 200TR,40635,2,30,0.07,40667.0,-0.7213,24,0,325
474590,2,WON 반도체밸류체인액티브,8885,2,40,0.45,8911.0,-7.8166,125,1,324
495550,1,SOL 코리아밸류업TR,10420,2,60,0.58,10401.0,1.5188,779,8,323
352560,7,KODEX 미국부동산리츠(H),11520,5,-45,-0.39,11533.0,-4.8775,6457,74,323
0041D0,4,KODEX 미국AI소프트웨어TOP10,12165,2,155,1.29,12156.0,,156339,1906,322
0015B0,4,KoAct 미국나스닥성장기업액티브,9560,2,60,0.63,9543.0,,7124,68,320
363580,2,KODEX 200IT TR,10000,5,-15,-0.15,10008.0,-10.4605,266,2,320
332610,6,PLUS 미국단기회사채(AAA~A),124945,5,-385,-0.31,124931.0,-2.5671,70,8,320
200030,4,KODEX 미국S&P500산업재(합성),33575,2,25,0.07,33617.0,-1.915,509,17,315
332620,6,PLUS 미국장기우량회사채,88145,2,345,0.39,88122.0,-7.7179,798,70,315
434960,1,DAISHIN343 K200,34950,2,60,0.17,35031.0,-0.7482,1,0,315
236350,4,TIGER 인도니프티50레버리지(합성),41220,2,560,1.38,41276.0,8.1095,10405,422,313
256440,4,ACE 인도네시아MSCI(합성),8950,2,20,0.22,9009.0,-0.888,14286,127,313
400570,4,KODEX 유럽탄소배출권선물ICE(H),10270,5,-60,-0.58,10307.0,0.1454,2772,28,312
494330,2,ACE 라이프자산주주가치액티브,11340,2,145,1.3,11328.0,5.8929,20657,233,312
473490,4,KIWOOM 글로벌AI반도체,14800,5,-15,-0.1,14817.0,-4.0915,4941,73,311
493420,4,SOL 미국배당다우존스TR,9640,5,-45,-0.46,9581.0,-10.4485,10697,103,308
485690,4,RISE 미국AI밸류체인TOP3Plus,11285,5,-65,-0.57,11319.0,-7.4226,3966,44,305
371450,4,TIGER 글로벌클라우드컴퓨팅INDXX,11135,5,-30,-0.27,11258.0,-15.0628,7287,81,303
114470,6,KIWOOM 국고채3년,111860,2,30,0.03,111901.0,1.2851,4184,467,302
211560,2,TIGER 배당성장,20530,2,60,0.29,20562.0,4.8936,14961,307,302
495230,1,KoAct 코리아밸류업액티브,10375,2,80,0.78,10361.0,-1.5681,1644,17,301
237370,7,KODEX 배당성장채권혼합,13635,2,25,0.18,13589.0,2.5621,25063,341,300
0046Y0,4,ACE 미국배당퀄리티,9975,5,-105,-1.04,9996.0,,305997,3066,299
438900,2,HANARO Fn K-푸드,11700,2,10,0.09,11712.0,6.7384,153023,1786,298
160580,5,TIGER 구리실물,11535,5,-115,-0.99,11596.0,-3.5597,35884,414,294
411860,4,KIWOOM 독일DAX,16245,5,-80,-0.49,16171.0,10.8884,82120,1335,292
465660,4,TIGER 일본반도체FACTSET,11015,5,-20,-0.18,10978.0,-14.9388,2076,22,292
300640,2,RISE 게임테마,7860,5,-190,-2.36,7875.0,-4.2579,17201,135,291
368190,2,HANARO Fn K-뉴딜디지털플러스,6320,5,-75,-1.17,6308.0,-17.002,737,4,291
469050,4,RISE 미국반도체NYSE(H),12860,5,-150,-1.15,12909.0,-10.6272,5764,74,289
227540,2,TIGER 200 헬스케어,17945,5,-340,-1.86,17957.0,-10.0502,14649,264,280
495040,1,PLUS 코리아밸류업,10255,2,85,0.84,10261.0,1.3857,411,4,277
433500,2,ACE 원자력테마딥서치,25110,2,1295,5.44,25128.0,13.2968,380377,9482,276
360140,2,KODEX 200롱코스닥150숏선물,9765,2,45,0.46,9739.0,12.1107,8485,82,273
495940,4,RISE 미국AI테크액티브,9730,3,0,0.0,9759.0,-13.3185,6957,67,272
139220,2,TIGER 200 건설,3640,2,205,5.97,3655.0,13.6664,1010643,3659,272
287180,4,PLUS 미국나스닥테크,34015,5,-290,-0.85,34035.0,-9.885,1415,48,272
271060,5,KODEX 3대농산물선물(H),8440,2,50,0.6,8468.0,-8.7052,59530,501,271
298770,4,KODEX 한국대만IT프리미어,24455,2,5,0.02,24399.0,-4.8602,19106,467,269
210780,2,TIGER 코스피고배당,15945,2,155,0.98,15949.0,5.3087,7406,117,268
437350,6,RISE 미국단기투자등급회사채액티브,11790,5,-45,-0.38,11791.0,-2.3918,26481,312,265
363510,6,SOL KIS단기통안채,110415,3,0,0.0,110421.0,0.716,279,30,265
489290,4,WON 미국빌리어네어,12030,5,-25,-0.21,12011.0,-6.369,4874,58,265
256750,4,KODEX 차이나심천ChiNext(합성),8650,5,-90,-1.03,8702.0,-13.6364,5683,49,264
481340,6,RISE 미국30년국채액티브,9080,2,60,0.67,9067.0,-8.8245,92029,836,263
289480,3,TIGER 200커버드콜,8435,2,25,0.3,8458.0,1.1911,14359,121,261
491090,4,KODEX 미국테크TOP3플러스,11590,2,10,0.09,11617.0,-8.5309,1317,15,261
394350,4,KIWOOM 글로벌퓨처모빌리티,11810,2,275,2.38,11835.0,-5.2567,12555,148,260
326230,2,RISE 내수주플러스,9125,2,90,1.0,9101.0,4.8752,1519,13,259
494220,2,UNICORN SK하이닉스밸류체인액티브,9555,2,105,1.11,9574.0,-11.5997,10313,98,258
272570,6,RISE 중장기국공채액티브,111560,2,65,0.06,111541.0,1.4974,34,3,258
494410,4,PLUS 미국S&P500성장주,10420,5,-45,-0.43,10415.0,-7.0439,3346,34,250
464920,4,PLUS 일본반도체소부장,11615,5,-115,-0.98,11681.0,-10.6082,4002,46,250
377990,2,TIGER Fn신재생에너지,10395,5,-150,-1.42,10411.0,9.5015,201466,2088,249
453820,4,KODEX 인도Nifty50레버리지(합성),16620,2,255,1.56,16665.0,6.6123,7806,127,249
495330,1,1Q 코리아밸류업,10305,2,35,0.34,10314.0,1.8344,558,5,247
486240,2,DAISHIN343 AI반도체&인프라액티브,7705,5,-40,-0.52,7729.0,-11.6876,41,0,247
0023A0,4,SOL 미국양자컴퓨팅TOP10,15315,2,1835,13.61,15479.0,,591195,9139,245
419430,4,KODEX 차이나2차전지MSCI(합성),6970,5,-35,-0.5,6950.0,-1.1292,10123,70,244
479620,4,SOL 미국AI반도체칩메이커,9550,5,-75,-0.78,9547.0,-11.6892,7482,71,244
457690,6,KODEX 33-06 국고채액티브,11220,2,20,0.18,11229.0,1.2658,15259,171,242
248270,4,TIGER S&P글로벌헬스케어(합성),21155,5,-300,-1.4,21121.0,-9.6822,5646,119,241
0017Y0,6,1Q 종합채권(AA-이상)액티브,101215,3,0,0.0,101274.0,,1,0,241
457700,6,KODEX 53-09 국고채액티브,12465,2,5,0.04,12468.0,1.1774,18901,235,241
300950,2,KODEX 게임산업,6610,5,-100,-1.49,6615.0,-0.134,37068,245,238
453640,4,KODEX 미국S&P500헬스케어,11045,5,-70,-0.63,10913.0,-13.0486,24954,275,237
218420,4,KODEX 미국S&P500에너지(합성),13020,5,-125,-0.95,13030.0,-14.337,6185,80,236
440910,4,WON 미국우주항공방산,17455,5,-75,-0.43,17434.0,6.3713,13671,239,236
0040S0,4,HANARO 글로벌피지컬AI액티브,11765,5,-75,-0.63,11796.0,,167775,1983,235
250730,4,RISE 차이나HSCEI(H),10205,5,-55,-0.54,10221.0,-0.9175,21254,218,235
169950,4,KODEX 차이나A50,21315,5,-315,-1.46,21432.0,-0.2307,980,21,234
0022T0,4,SOL 골드커버드콜액티브,10655,5,-60,-0.56,10542.0,,163390,1733,234
418670,4,TIGER 글로벌AI사이버보안,14460,3,0,0.0,14546.0,-8.4231,8229,119,231
442570,7,RISE TDF2050액티브,13165,5,-20,-0.15,13144.0,-3.9345,5090,67,230
140700,2,KODEX 보험,9200,2,255,2.85,9183.0,1.142,71797,657,230
488080,3,TIGER 반도체TOP10레버리지,4320,5,-60,-1.37,4335.0,-27.5435,131178,572,229
276650,4,RISE 글로벌테크놀로지(합성 H),30520,3,0,0.0,30628.0,-5.5109,418,12,229
497780,4,KoAct 미국천연가스인프라액티브,8605,2,65,0.76,8671.0,-11.4108,15022,128,228
483330,4,ACE 마이크로소프트밸류체인액티브,11675,2,25,0.21,11702.0,-10.728,10972,128,228
292770,6,KODEX 국채선물3년인버스,55170,2,60,0.11,55134.0,0.0453,2,0,225
495750,1,HANARO 코리아밸류업,10185,3,0,0.0,10256.0,1.2425,0,0,224
104530,2,KIWOOM 고배당,12405,2,195,1.6,12383.0,8.3695,22916,283,223
409810,4,KODEX 미국나스닥100선물인버스(H),7540,2,10,0.13,7516.0,1.8255,177317,1332,222
261070,2,TIGER 코스닥150바이오테크,13870,2,65,0.47,13921.0,-0.3537,45508,629,222
352540,7,KODEX 일본부동산리츠(H),11090,2,40,0.36,11099.0,2.9439,4470,49,222
387270,4,TIGER 글로벌이노베이션액티브,16190,5,-80,-0.49,16263.0,-6.7355,749,12,222
449780,4,KIWOOM 미국S&P500(H),14645,5,-25,-0.17,14662.0,-4.8392,33523,491,220
463680,4,KODEX 미국S&P500테크놀로지,13720,5,-100,-0.72,13774.0,-8.6402,2555,35,220
0043Y0,4,TIMEFOLIO 차이나AI테크액티브,10145,5,-65,-0.64,10133.0,,222922,2273,218
450910,1,SOL 코스닥150,11295,5,-30,-0.26,11310.0,-11.854,29,0,217
276990,4,KODEX 글로벌로봇(합성),17995,2,35,0.19,17848.0,-10.1776,1729,31,217
483340,4,ACE 구글밸류체인액티브,9850,2,50,0.51,9852.0,-11.7118,94518,933,217
459560,4,KODEX 테슬라밸류체인FactSet,13900,5,-115,-0.82,13912.0,-10.045,13408,186,215
0041E0,4,KODEX 미국S&P500액티브,10760,5,-75,-0.69,10770.0,,10918,117,215
238720,4,ACE 일본Nikkei225(H),26620,2,145,0.55,26551.0,-3.9195,752,20,213
442260,1,마이티 다이나믹퀀트액티브,12300,2,65,0.53,12272.0,0.7991,4112,50,212
0000H0,2,KODEX 인도Nifty미드캡100,10575,2,5,0.05,10598.0,,946,9,212
468630,6,KODEX iShares미국투자등급회사채액티브,10835,2,20,0.18,10820.0,-4.8143,12540,135,207
375770,2,KODEX 탄소효율그린뉴딜,8590,2,20,0.23,8591.0,-1.483,42,0,206
211900,2,KODEX 배당성장,16450,2,90,0.55,16447.0,4.8583,5442,89,206
0019K0,7,TIMEFOLIO 미국나스닥100채권혼합50액티브,9980,3,0,0.0,9986.0,,212437,2124,205
196030,4,ACE 일본TOPIX레버리지(H),40910,2,225,0.55,41244.0,-2.8882,70,2,205
494840,4,TIGER 미국방산TOP10,9950,5,-90,-0.9,9962.0,8.3414,13069,130,204
354350,4,HANARO 글로벌럭셔리S&P(합성),19000,5,-320,-1.66,18981.0,-8.5228,1154,21,203
447660,7,PLUS 애플채권혼합,11950,5,-20,-0.17,11976.0,-6.1839,4995,59,203
0010E0,6,ACE FTSE WGBI Korea,101530,2,35,0.03,101590.0,1.1762,3,0,203
483240,4,TIGER 미국나스닥100ETF선물,10050,5,-10,-0.1,10076.0,-8.5039,435,4,201
496120,1,ACE 코리아밸류업,10455,2,65,0.63,10460.0,1.3856,622,6,199
354500,1,ACE 코스닥150,11585,5,-10,-0.09,11590.0,-11.9256,3371,38,197
117460,2,KODEX 에너지화학,8775,5,-230,-2.55,8784.0,-15.8097,45736,402,197
271050,5,KODEX WTI원유선물인버스(H),4595,2,50,1.1,4604.0,12.2222,220333,1011,196
429760,4,PLUS 미국S&P500,14815,5,-95,-0.64,14811.0,-7.598,2035,30,193
444200,2,SOL KEDI메가테크액티브,18115,2,70,0.39,18086.0,3.7009,21091,380,190
453950,4,TIGER TSMC파운드리밸류체인,14630,2,65,0.45,14632.0,-9.8589,4738,69,190
459790,4,KIWOOM 미국성장기업30액티브,14075,2,15,0.11,14042.0,-9.4364,859,12,190
438560,6,SOL 국고채3년,103260,2,35,0.03,103226.0,1.3102,61,6,187
472350,4,1Q 차이나H(H),15540,2,130,0.84,15387.0,-1.1863,87,1,186
385590,2,ACE ESG액티브,7760,3,0,0.0,7821.0,-0.2186,0,0,186
489000,6,PLUS 일본엔화초단기국채(합성),10295,5,-40,-0.39,10271.0,0.977,41412,425,185
139250,2,TIGER 200 에너지화학,8800,5,-180,-2.0,8784.0,-12.5268,78638,692,185
0005D0,2,SOL 전고체배터리&실리콘음극재,8885,5,-290,-3.16,8891.0,-28.4601,123801,1108,182
483570,4,KCGI 미국S&P500 TOP10,11240,5,-65,-0.57,11267.0,-9.1604,90790,1030,180
130680,5,TIGER 원유선물Enhanced(H),3800,5,-40,-1.04,3788.0,-13.5136,109726,417,179
428510,4,KODEX 차이나AI테크액티브,11520,5,-25,-0.22,11493.0,-16.7328,5129,59,179
292190,1,KODEX KRX300,16175,2,35,0.22,16194.0,-2.0156,1621,26,178
269420,4,KODEX S&P글로벌인프라(합성),19035,5,-50,-0.26,19062.0,2.884,3287,62,178
0015F0,7,KIWOOM 팔란티어미국30년국채혼합액티브(H),9835,2,160,1.65,9834.0,-0.871,26384,259,177
252420,3,RISE 200선물인버스2X,2095,5,-5,-0.24,2096.0,-1.1765,134318,280,176
491700,1,HK 200,35100,2,25,0.07,35206.0,-0.6374,12,0,176
341850,7,TIGER 리츠부동산인프라채권TR KIS,4740,2,5,0.11,4733.0,1.6967,1361,6,175
451600,6,PLUS 국고채30년액티브,118220,5,-110,-0.09,118073.0,1.2449,34,4,174
266370,2,KODEX IT,14460,5,-45,-0.31,14438.0,-13.1698,1881,27,174
213630,4,PLUS 미국다우존스고배당주(합성 H),16935,5,-35,-0.21,16928.0,-5.2221,4644,78,173
250780,3,TIGER 코스닥150선물인버스,4045,3,0,0.0,4049.0,12.2052,175975,714,170
239660,6,PLUS 우량회사채50,120520,2,5,0.0,120538.0,0.9888,508,61,169
354240,7,RISE 미국고정배당우선증권 TR,10825,5,-55,-0.51,10865.0,-7.9137,3739,40,168
494420,2,PLUS 미국배당증가성장주데일리커버드콜,8800,5,-40,-0.45,8752.0,-7.1819,9196,81,167
491830,4,TIGER 미국AI반도체팹리스,10445,5,-80,-0.76,10442.0,-10.0274,55482,580,167
396510,4,TIGER 차이나클린에너지SOLACTIVE,5495,5,-125,-2.22,5535.0,-7.4898,4516,24,167
243880,2,TIGER 200IT레버리지,21120,2,65,0.31,21056.0,-23.9618,4122,86,164
395150,2,KODEX 웹툰&드라마,2975,2,40,1.36,2974.0,-6.8254,6416,19,164
0018C0,2,PLUS 고배당주위클리고정커버드콜,10515,2,115,1.11,10500.0,,35242,369,163
252400,3,RISE 200선물레버리지,14800,2,35,0.24,14795.0,-4.1856,12135,180,163
445690,2,BNK 주주가치액티브,14795,2,60,0.41,14776.0,2.4687,4,0,163
0013R0,7,RISE 테슬라미국채타겟커버드콜혼합(합성),9010,2,65,0.73,8933.0,-7.1036,11855,106,162
440650,6,ACE 미국달러단기채권액티브,11390,5,-40,-0.35,11394.0,-2.8062,17628,201,159
491820,2,HANARO 전력설비투자,14480,2,105,0.73,14452.0,3.0244,46875,670,159
265690,4,ACE 러시아MSCI(합성),8535,3,0,0.0,49.0,0.0,0,0,158
459750,4,RISE 글로벌주식분산액티브,13640,5,-110,-0.8,13669.0,-3.6778,4338,59,157
415340,4,KODEX 차이나과창판STAR50(합성),7785,5,-65,-0.83,7845.0,-11.5991,6418,50,156
280320,4,ACE 미국IT인터넷S&P(합성 H),19510,2,5,0.03,19762.0,-4.4342,397,7,156
277540,4,ACE 아시아TOP50S&P,17305,5,-35,-0.2,17395.0,-5.0904,2060,35,156
448630,7,RISE 삼성그룹Top3채권혼합,9680,5,-150,-1.53,9703.0,-1.9941,5899,57,155
371870,4,ACE 차이나항셍테크,7740,5,-30,-0.39,7691.0,-12.6967,28161,220,155
261120,7,TIGER 미국달러선물인버스2X,5715,2,50,0.88,5719.0,6.0861,25676,146,154
491510,2,파워 K-주주가치액티브,10580,2,20,0.19,10624.0,3.6106,51,0,153
474920,4,에셋플러스 차이나일등기업포커스10액티브,14750,5,-60,-0.41,14683.0,-2.2443,3648,54,153
422260,2,VITA MZ소비액티브,10200,2,240,2.41,10241.0,10.6666,30601,309,153
407820,2,에셋플러스 코리아플랫폼액티브,7260,2,15,0.21,7252.0,5.4585,1219,8,152
410870,2,TIMEFOLIO K컬처액티브,11715,2,260,2.27,11705.0,12.9127,39779,460,152
467620,6,KIWOOM 25-09 미국채권(AA-이상)액티브,54120,5,-140,-0.26,54155.0,-2.657,4486,243,152
225800,7,KIWOOM 미국달러선물레버리지,14420,5,-85,-0.59,14419.0,-6.5701,17328,252,151
0049K0,7,ACE 미국배당퀄리티채권혼합50,10000,5,-35,-0.35,9991.0,,85048,851,150
440340,7,TIGER 글로벌멀티에셋TIF액티브,10695,5,-20,-0.19,10684.0,-6.3293,2672,28,150
266410,2,KODEX 필수소비재,7485,2,105,1.42,7481.0,13.5384,20984,156,150
137610,5,TIGER 농산물선물Enhanced(H),5535,3,0,0.0,5539.0,-7.6731,3083,17,149
0049M0,4,ACE 미국배당퀄리티+커버드콜액티브,9945,5,-80,-0.8,9953.0,,140227,1398,149
183700,7,RISE 채권혼합,62145,2,25,0.04,62267.0,0.534,21,1,149
290080,3,RISE 200고배당커버드콜ATM,8885,2,60,0.68,8894.0,5.9169,11564,102,147
0036D0,4,TIMEFOLIO 미국배당다우존스액티브,9725,5,-55,-0.56,9716.0,,176238,1721,146
253290,7,RISE 헬스케어채권혼합,11985,5,-45,-0.37,11996.0,-2.3539,1411,16,144
225130,4,ACE 골드선물 레버리지(합성 H),35800,5,-75,-0.21,35863.0,22.7754,6756,237,143
139270,2,TIGER 200 금융,9420,2,165,1.78,9426.0,8.4866,87418,822,143
428560,4,KODEX 미국ETF산업Top10 Indxx,16805,5,-190,-1.12,16872.0,-3.8908,3361,56,143
385520,2,KODEX 자율주행액티브,6615,5,-90,-1.34,6619.0,-14.3569,2570,17,142
241390,7,RISE V&S셀렉트밸류채권혼합,11770,5,-10,-0.08,11796.0,-0.6746,171,2,141
417630,2,TIGER KEDI혁신기업ESG30,10060,2,20,0.2,10040.0,-4.3446,2637,26,141
122090,1,PLUS 코스피50,23450,2,10,0.04,23402.0,-2.581,9954,233,141
469160,4,ACE 일본반도체,10790,2,35,0.33,10730.0,-8.6237,323,3,140
494180,4,TIMEFOLIO 글로벌소비트렌드액티브,10300,5,-40,-0.39,10514.0,-10.321,16222,169,139
102960,2,KODEX 기계장비,8335,2,70,0.85,8318.0,1.2991,11721,97,138
304770,1,HANARO 코스닥150,11525,5,-20,-0.17,11546.0,-12.1252,256,2,138
494340,4,ACE 글로벌AI맞춤형반도체,10225,5,-40,-0.39,10261.0,-12.3399,7831,80,138
482870,2,HANARO 주주가치성장코리아액티브,10520,2,80,0.77,10488.0,0.5296,476,4,137
371150,4,RISE 차이나항셍테크,7800,5,-80,-1.02,7745.0,-12.5902,7062,55,137
140950,1,파워 코스피100,26130,2,10,0.04,26173.0,-1.5492,282,7,136
0000Z0,2,RISE 바이오TOP10액티브,10430,5,-85,-0.81,10457.0,-3.8849,8316,87,136
379790,4,RISE 유로스탁스50(H),15060,5,-115,-0.76,15168.0,0.4966,2260,34,136
316670,1,KIWOOM 코스닥150,5735,5,-15,-0.26,5749.0,-11.7963,11307,64,135
460660,4,RISE 미국S&P배당킹,10385,5,-65,-0.62,10379.0,-6.1939,6334,65,135
117680,2,KODEX 철강,8710,3,0,0.0,8684.0,-9.1763,52490,454,134
185680,4,KODEX 미국S&P바이오(합성),23470,5,-215,-0.91,23498.0,-17.402,4787,112,133
381560,2,HANARO Fn전기&수소차,6315,5,-95,-1.48,6310.0,-15.4689,1521,9,133
0051G0,4,SOL 미국원자력SMR,11010,2,1245,12.75,9979.0,,1204588,13024,132
479850,2,HANARO K-뷰티,14440,2,395,2.81,14412.0,22.4178,95644,1370,130
300610,2,TIGER K게임,6650,5,-150,-2.21,6637.0,-2.7043,14709,98,130
451670,6,RISE 국채30년레버리지(합성),25925,5,-20,-0.08,25824.0,1.8849,787,20,130
475300,2,SOL 반도체전공정,6975,5,-25,-0.36,6961.0,-13.9521,11634,81,129
291130,4,ACE 멕시코MSCI(합성),14270,5,-170,-1.18,14373.0,9.5183,974,13,128
295020,6,RISE 국채선물10년인버스,53930,5,-65,-0.12,53984.0,-0.2771,7,0,128
306950,3,KODEX KRX300레버리지,12700,2,110,0.87,12740.0,-6.9132,331,4,127
0001P0,2,마이티 바이오시밀러&CDMO액티브,9065,5,-200,-2.16,9059.0,-9.5127,1880,17,127
456250,4,KODEX 유럽명품TOP10 STOXX,10060,5,-210,-2.04,10015.0,-9.8174,10802,108,126
219390,4,RISE 미국S&P원유생산기업(합성 H),5350,5,-30,-0.56,5435.0,-13.5743,16729,89,126
114460,6,ACE 국고채3년,104695,2,25,0.02,104734.0,1.3007,127,13,126
461900,4,PLUS 미국테크TOP10,16730,2,40,0.24,16749.0,-9.2096,2148,36,125
0047R0,4,RISE 팔란티어고정테크100,10415,2,35,0.34,10365.0,,205179,2145,125
217780,4,TIGER 차이나CSI300인버스(합성),7565,2,25,0.33,7723.0,4.4321,803,6,125
435040,4,ACE 글로벌브랜드TOP10블룸버그,16585,5,-235,-1.4,16601.0,-6.384,1135,18,124
337140,2,KODEX 코스피대형주,12410,5,-10,-0.08,12412.0,-1.4755,1371,17,124
465670,4,TIGER 미국캐시카우100,11800,5,-50,-0.42,11796.0,-9.1676,835,9,124
468370,6,KODEX iShares미국인플레이션국채액티브,10750,3,0,0.0,10737.0,-3.2142,13840,149,123
469060,4,RISE 미국반도체NYSE,13580,5,-265,-1.91,13610.0,-12.9684,2259,30,122
310080,4,RISE 중국MSCI China(H),9775,5,-20,-0.2,9746.0,-1.2601,6271,61,122
0047P0,4,RISE 테슬라고정테크100,10620,2,25,0.24,10599.0,,259288,2762,122
387280,2,TIGER 퓨처모빌리티액티브,6040,5,-90,-1.47,6093.0,-17.4856,3926,23,122
276000,4,TIGER 글로벌자원생산기업(합성 H),14350,5,-125,-0.86,14579.0,-0.1725,1388,19,122
463640,4,KODEX 미국S&P500유틸리티,12820,5,-160,-1.23,12833.0,-2.362,5443,69,122
391600,4,ACE 미국친환경그린테마INDXX,8390,5,-225,-2.61,8361.0,-5.9498,889,7,122
117690,4,TIGER 차이나항셍25,20210,5,-265,-1.29,20186.0,-5.6452,8309,168,121
230480,7,KIWOOM 미국달러선물인버스2X,4960,2,30,0.61,4992.0,6.0215,9826,48,121
275300,2,KODEX MSCI퀄리티,8560,2,60,0.71,8519.0,-2.8794,2,0,120
411050,4,ACE 글로벌메타버스테크액티브,13235,2,95,0.72,13359.0,-12.633,1546,20,119
453060,6,HANARO KOFR금리액티브(합성),107820,2,5,0.0,107819.0,0.7005,192,20,119
455660,6,ACE 미국하이일드액티브(H),9840,2,15,0.15,9822.0,-1.3456,11395,112,118
430500,7,KIWOOM 물가채KIS,117175,5,-130,-0.11,117294.0,1.6331,269,31,117
395280,2,HANARO Fn K-게임,3960,5,-85,-2.1,3971.0,-0.4921,534,2,117
385600,2,ACE 2차전지&친환경차액티브,5300,5,-115,-2.12,5314.0,-29.6388,8124,43,117
433880,7,PLUS TDF2060액티브,14515,5,-90,-0.62,14545.0,-4.6049,5555,80,116
138910,5,KODEX 구리선물(H),7730,5,-40,-0.51,7717.0,0.6476,90372,697,116
195920,4,TIGER 일본TOPIX(합성 H),23190,2,30,0.13,23441.0,0.0,120,2,116
487950,4,KODEX 대만테크고배당다우존스,9550,5,-40,-0.42,9519.0,-1.1748,3116,29,115
0021E0,7,ACE TDF2050액티브,9915,5,-55,-0.55,9925.0,,1986,19,114
0040X0,7,SOL 팔란티어미국채커버드콜혼합,10365,2,40,0.39,10310.0,,109641,1137,114
453630,4,KODEX 미국S&P500필수소비재,11910,5,-100,-0.83,11910.0,-2.7924,3427,40,113
100910,1,KIWOOM KRX100,5380,2,40,0.75,5377.0,-3.1908,279,1,113
223190,2,KODEX 200가치저변동,11275,2,40,0.36,11271.0,1.2892,769,8,113
496130,1,TRUSTON 코리아밸류업액티브,10625,2,65,0.62,10625.0,4.7099,117,1,113
472840,1,ITF 200,34605,2,60,0.17,34609.0,-0.7328,40,1,112
461910,4,PLUS 미국테크TOP10레버리지(합성),22470,5,-235,-1.04,22525.0,-22.9425,2050,46,112
449690,4,TIGER 한중반도체(합성),14970,5,-50,-0.33,14866.0,-14.6834,30,0,112
446700,2,RISE 배터리 리사이클링,7160,5,-140,-1.92,7147.0,-24.6024,6981,50,112
484890,6,SOL 머니마켓액티브,51537,2,2,0.0,51536.0,0.6739,5613,289,111
453660,4,KODEX 미국S&P500경기소비재,15855,2,55,0.35,15806.0,-8.697,2054,32,111
477490,4,에셋플러스 글로벌일등기업포커스10액티브,14890,5,-95,-0.63,14935.0,-4.6453,5223,78,110
483420,4,ACE 애플밸류체인액티브,9570,5,-90,-0.93,9587.0,-12.1419,7242,69,110
0018Z0,4,RISE 미국양자컴퓨팅,12200,2,875,7.73,12258.0,,26698,326,110
487920,4,ACE 인도시장대표BIG5그룹액티브,8685,2,160,1.88,8671.0,0.1174,1468,12,109
156080,1,KODEX MSCI Korea,15475,3,0,0.0,15473.0,-3.0935,683,10,108
105780,2,RISE 5대그룹주,5390,5,-60,-1.1,5392.0,-8.6184,827,4,108
407310,1,HANARO 200 TOP10,7420,5,-50,-0.67,7418.0,-8.2648,86,0,108
269370,4,TIGER S&P글로벌인프라(합성),15210,5,-80,-0.52,15183.0,3.0879,1266,19,106
275280,2,KODEX MSCI모멘텀,15195,2,85,0.56,15230.0,5.5978,84,1,106
275290,2,KODEX MSCI밸류,10565,3,0,0.0,10598.0,1.8313,0,0,106
464610,2,SOL 의료기기소부장Fn,11735,5,-80,-0.68,11776.0,17.5972,30771,361,106
432840,4,HANARO 미국S&P500,14995,5,-120,-0.79,15010.0,-7.7398,2022,30,105
461450,1,KODEX 코스닥글로벌,10490,5,-105,-0.99,10525.0,-10.9664,973,10,105
365040,1,TIGER AI코리아그로스액티브,13055,2,15,0.12,13054.0,-0.4581,7544,98,104
140710,2,KODEX 운송,5495,2,50,0.92,5501.0,2.7552,43623,237,104
417450,4,RISE 글로벌수소경제,6290,5,-75,-1.18,6293.0,-10.7294,2854,18,104
419650,4,PLUS 글로벌수소&차세대연료전지,2965,5,-25,-0.84,2921.0,-14.1792,31626,93,104
226980,1,KODEX 200 중소형,14785,2,170,1.16,14811.0,7.1166,355,5,103
104520,2,KIWOOM 블루칩,8585,2,40,0.47,8582.0,-0.466,89,0,103
475310,2,SOL 반도체후공정,9800,5,-30,-0.31,9781.0,-12.5445,28339,278,103
463690,4,KODEX 미국S&P500커뮤니케이션,15747,5,-128,-0.81,15794.0,-6.4361,248,3,102
285690,2,FOCUS ESG리더스,11365,2,40,0.35,11360.0,-0.962,1,0,102
138530,2,TIGER LG그룹+펀더멘털,6080,2,10,0.16,6074.0,-5.979,12859,78,102
307520,2,TIGER 지주회사,11270,2,200,1.81,11252.0,8.7319,84877,947,101
0036R0,4,RISE 미국휴머노이드로봇,11235,5,-85,-0.75,11244.0,,113152,1278,101
157500,2,TIGER 증권,7020,2,35,0.5,7023.0,15.9143,98450,693,101
0005C0,6,RISE 미국S&P500엔화노출(합성 H),10060,5,-135,-1.32,10120.0,-4.0922,440,4,101
337150,2,KODEX 200exTOP,12525,3,0,0.0,12587.0,0.4813,0,0,100
0021D0,7,ACE TDF2030액티브,9990,5,-5,-0.05,9992.0,,692,6,100
498610,4,RISE 인도디지털성장,9985,2,65,0.66,10001.0,,3186,31,100
442090,2,에셋플러스 코리아대장장이액티브,12430,5,-25,-0.2,12468.0,3.2752,1030,12,99
0020H0,4,KoAct 글로벌양자컴퓨팅액티브,12380,2,800,6.91,12594.0,,56437,706,99
0021C0,7,ACE 장기자산배분액티브,9895,5,-70,-0.7,9880.0,,346,3,99
480460,7,WON 한국부동산TOP3플러스,9755,2,25,0.26,9781.0,-0.9569,123,1,98
0023B0,4,PLUS 미국양자컴퓨팅TOP10,12175,2,790,6.94,12317.0,,27402,335,97
0015E0,7,KIWOOM 엔비디아미국30년국채혼합액티브(H),9700,2,75,0.78,9694.0,-3.7789,6167,59,97
0035T0,7,PLUS 글로벌휴머노이드로봇액티브,11400,5,-35,-0.31,11415.0,,29905,341,97
400590,4,SOL 글로벌탄소배출권선물ICE(합성),12065,5,-215,-1.75,12201.0,5.3625,434,5,97
473640,4,HANARO 글로벌금채굴기업,17535,5,-245,-1.38,17520.0,13.5376,14719,256,96
0036Z0,4,RISE 미국천연가스밸류체인,9640,5,-95,-0.98,9604.0,,80770,783,96
145850,2,TREX 펀더멘탈 200,38500,2,85,0.22,38449.0,0.9937,2,0,96
460270,6,KIWOOM 미국달러SOFR금리액티브(합성),11865,5,-50,-0.42,11882.0,-2.8141,41,0,96
181480,7,ACE 미국부동산리츠(합성 H),79815,5,-205,-0.26,80054.0,-4.9147,206,16,96
159800,1,마이티 코스피100,26535,2,135,0.51,26462.0,-1.7382,5,0,96
433220,4,에셋플러스 글로벌대장장이액티브,18300,3,0,0.0,18328.0,-3.9371,241,4,95
494210,4,SOL 미국500타겟커버드콜액티브,9510,5,-50,-0.52,9520.0,-8.1388,3966,37,95
091220,2,TIGER 은행,9825,2,150,1.55,9830.0,9.6068,30449,298,94
376410,2,TIGER 탄소효율그린뉴딜,8565,2,25,0.29,8588.0,-1.918,2131,18,94
225060,4,TIGER 이머징마켓MSCI레버리지(합성 H),8555,2,115,1.36,8576.0,-0.5304,852,7,94
452440,2,VITA 밸류알파액티브,13405,2,45,0.34,13444.0,0.225,19154,257,94
445910,2,TIGER MKF배당귀족,13315,2,25,0.19,13302.0,2.2701,1555,20,93
472720,1,TRUSTON 주주가치액티브,12860,2,65,0.51,12879.0,5.7875,227,2,93
0051A0,4,KoAct 브로드컴밸류체인액티브,9745,5,-70,-0.71,9788.0,,108014,1054,93
152500,3,ACE 레버리지,6585,2,40,0.61,6581.0,-4.3129,2667,17,92
261110,7,TIGER 미국달러선물레버리지,15300,5,-125,-0.81,15262.0,-6.2311,1913,29,92
474390,6,SOL 국고채30년액티브,57335,5,-35,-0.06,57165.0,1.3693,640,36,92
450190,4,KODEX 한중반도체(합성),15060,5,-165,-1.08,15063.0,-14.1286,3,0,90
449580,7,RISE 테슬라애플아마존채권혼합,14865,2,65,0.44,14849.0,-3.6459,10122,149,89
215620,2,HK S&P코리아로우볼,14155,2,195,1.4,14120.0,6.924,1,0,89
269530,4,PLUS S&P글로벌인프라,17745,5,-235,-1.31,17731.0,3.9366,9850,177,89
390400,4,KODEX 미국스마트모빌리티S&P,5540,5,-65,-1.16,5537.0,-8.4898,2933,16,89
0007G0,4,PLUS 글로벌원자력밸류체인,9270,2,555,6.37,8706.0,-1.8029,200937,1858,88
395760,2,PLUS ESG성장주액티브,8800,2,35,0.4,8784.0,-0.1481,20,0,88
491630,4,RISE 미국반도체인버스(합성 H),19495,2,250,1.3,19487.0,1.0236,787,15,88
429740,7,PLUS K리츠,6740,5,-10,-0.15,6730.0,1.856,1883,12,88
457990,2,PLUS 태양광&ESS,12490,5,-335,-2.61,12544.0,9.4096,92741,1158,87
499150,4,SOL 미국S&P500엔화노출(H),9655,5,-65,-0.67,9698.0,-4.2271,2730,26,87
139320,5,TIGER 금은선물(H),14400,5,-60,-0.41,14269.0,10.6773,3051,43,86
404260,2,KODEX 기후변화솔루션,9570,5,-300,-3.04,9600.0,-1.1617,4752,46,86
424460,4,HANARO 글로벌워터MSCI(합성),14305,5,-95,-0.66,14265.0,4.4234,12,0,86
404120,2,TIMEFOLIO K신재생에너지액티브,12245,5,-45,-0.37,12279.0,0.8203,2774,33,86
192720,2,파워 고배당저변동성,35655,2,295,0.83,35583.0,4.2391,776,27,86
451150,4,에셋플러스 글로벌영에이지액티브,16955,5,-115,-0.67,16964.0,3.58,15,0,85
322410,2,HANARO 고배당,14100,2,35,0.25,14123.0,5.3242,8177,115,85
442560,7,RISE TDF2040액티브,12950,5,-45,-0.35,12920.0,-3.3111,597,7,84
0040Y0,7,SOL 팔란티어커버드콜OTM채권혼합,10465,2,65,0.63,10428.0,,114011,1195,84
0002C0,4,에셋플러스 인도일등기업포커스20액티브,10450,2,5,0.05,10449.0,,8850,93,84
253250,3,KIWOOM 200선물레버리지,14635,2,40,0.27,14628.0,-3.9803,2396,35,83
225050,4,TIGER 유로스탁스레버리지(합성 H),12820,5,-235,-1.8,13081.0,-3.4037,470,6,83
0005G0,2,ITF K-AI반도체코어테크,9730,5,-30,-0.31,9735.0,-10.1455,1092,10,83
292500,1,SOL KRX300,16535,2,75,0.46,16539.0,-1.9071,3,0,83
419420,4,KODEX 미국클린에너지나스닥,5505,5,-235,-4.09,5570.0,-10.2424,9172,50,83
364690,1,KODEX 혁신기술테마액티브,13730,5,-35,-0.25,13731.0,-1.8679,1590,21,82
475070,4,KoAct 글로벌친환경전력인프라액티브,14875,5,-200,-1.33,14893.0,-1.8236,2503,37,82
292160,1,TIGER KRX300,16360,2,80,0.49,16359.0,-2.0693,63,1,82
471780,2,TIGER 코리아테크액티브,8135,3,0,0.0,8125.0,-11.854,24,0,81
0047N0,4,PLUS 차이나AI테크TOP10,10160,3,0,0.0,10079.0,,383495,3892,81
415760,4,SOL 차이나육성산업액티브(합성),7375,5,-80,-1.07,7500.0,-13.2131,2794,20,81
457930,2,BNK 미래전략기술액티브,11465,2,15,0.13,11443.0,-3.8624,44,0,80
464060,4,HANARO 글로벌반도체TOP10 SOLACTIVE,16050,5,-125,-0.77,16091.0,-7.3332,193,3,80
183710,7,RISE 주식혼합,40120,3,0,0.0,40130.0,0.0498,1,0,80
305050,1,ACE 코스피,26690,5,-20,-0.07,26730.0,-1.0301,1324,35,80
182490,6,TIGER 단기선진하이일드(합성 H),13250,5,-40,-0.3,13257.0,0.3397,70,0,80
0015K0,4,TIGER 미국소비트렌드액티브,7855,5,-100,-1.26,7956.0,-16.3952,763,6,79
237440,7,TIGER 경기방어채권혼합,9645,5,-55,-0.57,9678.0,1.3054,2976,28,77
385710,2,TIMEFOLIO K이노베이션액티브,7655,2,15,0.2,7641.0,-6.4872,2208,16,77
375760,2,HANARO 탄소효율그린뉴딜,8490,2,45,0.53,8491.0,-1.539,160,1,76
498050,2,HANARO 바이오코리아액티브,10855,5,-15,-0.14,10856.0,-1.7624,1223,13,76
446690,4,KODEX 아시아AI반도체exChina액티브,15185,5,-120,-0.78,15356.0,-11.2342,39,0,76
375270,7,RISE 글로벌데이터센터리츠(합성),11670,5,-195,-1.64,11644.0,-6.7217,1680,19,76
462340,4,에셋플러스 글로벌다이나믹시니어액티브,14560,5,-70,-0.48,14584.0,-4.6595,16,0,76
497520,4,ACE 일라이릴리밸류체인,9460,5,-200,-2.07,9486.0,-13.5184,1629,15,76
281990,2,RISE 중소형고배당,12605,2,185,1.49,12607.0,7.2353,20508,257,76
337120,2,KODEX 멀티팩터,12605,2,60,0.48,12576.0,1.0145,1,0,76
497510,4,ACE 글로벌빅파마,9435,5,-65,-0.68,9430.0,-11.7511,25600,239,75
0013P0,4,RISE 미국은행TOP10,8815,5,-10,-0.11,8886.0,-8.6156,1902,16,75
289670,6,PLUS 국채선물10년,56765,2,55,0.1,56791.0,0.8626,98,5,75
251590,2,PLUS 고배당저변동50,13620,2,80,0.59,13598.0,7.0524,6312,85,75
253150,3,PLUS 200선물레버리지,29860,2,105,0.35,29848.0,-4.1707,51,1,75
460280,2,KIWOOM Fn유전자혁신기술,9930,5,-60,-0.6,9936.0,6.1072,5540,54,74
289260,2,TIGER MSCI KOREA ESG리더스,8825,2,70,0.8,8827.0,-4.9507,37,0,74
267440,6,RISE 미국장기국채선물(H),8210,2,40,0.49,8237.0,-3.0268,3816,31,74
400580,4,SOL 유럽탄소배출권선물S&P(H),10490,5,-30,-0.29,10536.0,-0.3788,468,4,73
495060,1,TIMEFOLIO 코리아밸류업액티브,9740,2,125,1.3,9754.0,-0.2594,5473,53,73
229720,1,KODEX KTOP30,14480,3,0,0.0,14475.0,-8.6148,206,2,72
0050E0,4,PLUS 미국AI에이전트,9640,5,-50,-0.52,9659.0,,145086,1401,72
307510,2,TIGER 의료기기,15965,5,-125,-0.78,16026.0,6.2747,3154,50,72
488290,4,마이다스 일본테크액티브,21935,2,170,0.78,21911.0,-6.1247,61,1,71
413930,2,WON AI ESG액티브,9500,2,30,0.32,9515.0,-0.5253,207,1,71
448100,1,WON 200,35475,2,35,0.1,35519.0,-0.681,45,1,71
360150,2,KODEX 코스닥150롱코스피200숏선물,8840,5,-40,-0.45,8855.0,-11.0666,8549,75,71
131890,2,ACE 삼성그룹동일가중,17650,5,-10,-0.06,17681.0,0.7645,473,8,71
174350,2,TIGER 로우볼,14100,2,115,0.82,14100.0,8.6804,307,4,71
284980,2,RISE 200금융,12565,2,195,1.58,12560.0,8.9196,3170,39,70
488210,2,KIWOOM K-반도체북미공급망,7380,2,35,0.48,7380.0,-19.5334,463,3,70
368680,2,KODEX K-뉴딜디지털플러스,6370,5,-120,-1.85,6370.0,-16.3768,778,4,70
289040,2,KODEX MSCI KOREA ESG유니버설,9985,5,-5,-0.05,9986.0,-2.1356,42,0,70
489860,4,KIWOOM 글로벌전력GRID인프라,10750,5,-100,-0.92,10762.0,0.0737,2017,21,70
438740,2,마이다스 중소형액티브,23165,2,285,1.25,23200.0,3.6466,246,5,69
108590,1,TREX 200,34695,2,35,0.1,34734.0,-0.7361,30,1,69
435550,7,KIWOOM TDF2050액티브,13875,5,-90,-0.64,13855.0,-5.5462,374,5,69
442550,7,RISE TDF2030액티브,12580,5,-25,-0.2,12571.0,-2.6265,1507,19,69
252650,1,KODEX 200동일가중,11520,2,50,0.44,11541.0,0.6228,148,1,69
270800,2,RISE KQ고배당,11475,2,5,0.04,11468.0,0.9327,297,3,69
435540,7,KIWOOM TDF2040액티브,13730,5,-80,-0.58,13710.0,-5.411,98,1,69
298340,6,PLUS 국채선물3년,57170,3,0,0.0,57155.0,1.2306,694,39,69
261140,2,TIGER 우선주,11060,2,55,0.5,11061.0,2.144,21057,233,69
464600,2,SOL 자동차소부장Fn,8005,5,-55,-0.68,8039.0,-15.6904,7807,62,68
225030,4,TIGER 미국S&P500선물인버스(H),2955,2,15,0.51,2950.0,2.7972,43439,128,68
234310,2,RISE V&S셀렉트밸류,13470,5,-10,-0.07,13501.0,-3.4868,5,0,67
292730,1,FOCUS KRX300,16825,2,30,0.18,16807.0,-1.5822,1,0,67
227830,1,PLUS 코스피,26850,5,-5,-0.02,26794.0,-0.9918,28,0,67
153270,1,KIWOOM 코스피100,25755,2,45,0.18,25753.0,-1.4868,883,22,67
253280,2,RISE 헬스케어,13320,5,-195,-1.44,13371.0,-8.8549,2494,33,67
429010,4,TIGER 미국나스닥넥스트100,13320,5,-115,-0.86,13329.0,-9.3149,873,11,67
483020,2,KIWOOM 의료AI,9440,5,-30,-0.32,9428.0,-8.5201,8354,79,66
140580,2,RISE 우량업종대표주,13190,2,185,1.42,13199.0,6.9402,25,0,66
217770,5,TIGER 원유선물인버스(H),2990,2,40,1.36,3000.0,10.4868,28564,85,66
449680,7,TIGER 한중전기차(합성),7710,2,10,0.13,7653.0,-14.2539,42,0,66
416090,4,ACE 중국과창판STAR50,7275,5,-15,-0.21,7308.0,-14.537,3175,23,65
244620,2,KODEX 모멘텀Plus,13080,2,145,1.12,13097.0,1.2286,76,0,65
227560,2,TIGER 200 생활소비재,10160,2,160,1.6,10161.0,17.8967,23956,243,65
147970,2,TIGER 모멘텀,36040,2,400,1.12,36012.0,8.2657,5987,215,65
166400,3,TIGER 200커버드콜OTM,12930,2,65,0.51,12944.0,0.5156,9064,117,65
277640,2,TIGER 코스피대형주,12900,2,5,0.04,12899.0,-1.6775,1581,20,65
176950,6,KODEX 국채선물10년인버스,53715,5,-60,-0.11,53676.0,0.1583,76,4,64
435530,7,KIWOOM TDF2030액티브,12850,5,-75,-0.58,12881.0,-5.1377,135,1,64
304760,1,HANARO KRX300,16000,2,90,0.57,15991.0,-2.0502,51,0,64
289250,2,TIGER MSCI KOREA ESG유니버설,10145,2,25,0.25,10114.0,-1.9,1,0,64
481200,4,SOL 미국테크TOP10인버스(합성),7975,5,-5,-0.06,7952.0,6.1876,1921,15,64
401590,4,HANARO 글로벌탄소배출권선물ICE(합성),9785,5,-195,-1.95,9808.0,5.1633,220,2,64
267490,6,RISE 미국장기국채선물레버리지(합성 H),5280,2,70,1.34,5311.0,-6.9643,9617,50,63
279540,2,KODEX 최소변동성,10460,2,40,0.38,10480.0,0.366,1,0,63
441330,4,KIWOOM 차이나A50커넥트MSCI,9630,5,-20,-0.21,9556.0,-1.8112,200,1,63
456200,6,PLUS 미국달러SOFR금리액티브(합성),56745,5,-200,-0.35,56834.0,-2.9402,4,0,62
304670,6,KODEX 미국30년국채울트라선물인버스(H),12355,5,-70,-0.56,12312.0,4.808,2127,26,62
280920,2,PLUS 주도업종,11230,2,20,0.18,11210.0,3.2418,152,1,62
399580,4,RISE 글로벌클린에너지,6175,5,-370,-5.65,6347.0,7.295,8171,50,62
488480,4,RISE 일본섹터TOP4Plus,10255,5,-35,-0.34,10315.0,1.2297,69,0,62
227570,2,TIGER 우량가치,12775,2,185,1.47,12789.0,6.1104,573,7,61
489010,4,PLUS 글로벌AI인프라,12225,2,365,3.08,11873.0,-11.1012,2745,33,61
316300,7,ACE 싱가포르리츠,12200,5,-35,-0.29,12124.0,-0.0491,484,5,61
411540,1,SOL 200 Top10,7610,5,-60,-0.78,7598.0,-8.2646,379,2,61
469530,3,RISE 미국달러선물인버스,9495,2,15,0.16,9526.0,3.4934,151,1,61
189400,4,PLUS 글로벌MSCI(합성 H),20180,5,-15,-0.07,20301.0,-1.5119,25,0,61
469790,2,KIWOOM K-테크TOP10,9970,5,-40,-0.4,10000.0,-8.9918,284,2,60
498860,2,RISE 코리아금융고배당,10845,2,145,1.36,10828.0,6.9572,8423,91,60
315270,2,TIGER 200커뮤니케이션서비스,18550,2,20,0.11,18540.0,-2.0199,168,3,59
295000,6,RISE 국채선물10년,55985,5,-75,-0.13,56002.0,1.2735,267,14,59
292050,1,RISE KRX300,16800,2,10,0.06,16828.0,-1.767,914,15,59
280940,5,KODEX 골드선물인버스(H),4515,2,25,0.56,4487.0,-11.7879,11615,52,59
442580,4,PLUS 글로벌HBM반도체,16640,5,-5,-0.03,16677.0,-6.8082,1692,28,58
404650,2,SOL KRX기후변화솔루션,9700,5,-245,-2.46,9677.0,-1.094,2214,21,58
253160,3,PLUS 200선물인버스2X,4275,2,5,0.12,4268.0,-1.613,130547,554,58
490330,4,KoAct 미국뇌질환치료제액티브,8190,5,-95,-1.15,8199.0,-21.0201,3553,28,57
474800,4,KIWOOM 미국원유에너지기업,10410,5,-25,-0.24,10247.0,-13.2874,2636,27,57
219900,4,ACE 중국본토CSI300레버리지(합성),2860,5,-70,-2.39,2853.0,-12.4066,2060,5,57
267450,6,RISE 미국장기국채선물인버스(H),11415,5,-95,-0.83,11410.0,3.4606,8,0,57
488200,2,KIWOOM K-2차전지북미공급망,5995,5,-50,-0.83,6028.0,-21.8185,7845,47,57
459370,4,SOL 유럽탄소배출권선물인버스ICE(H),11375,5,-10,-0.09,11304.0,-1.3432,1476,16,57
226380,2,ACE Fn성장소비주도주,6310,2,25,0.4,6334.0,5.9507,264,1,57
205720,4,ACE 일본TOPIX인버스(합성 H),2360,5,-10,-0.42,2369.0,-3.2654,7691,18,57
261920,4,ACE 필리핀MSCI(합성),14110,2,90,0.64,14179.0,5.3739,15,0,56
138920,5,KODEX 콩선물(H),11115,2,75,0.68,11155.0,-4.1251,1262,14,56
228820,1,TIGER KTOP30,7305,3,0,0.0,7309.0,-8.619,850,6,55
253230,3,KIWOOM 200선물인버스2X,2105,5,-5,-0.24,2099.0,-0.4717,33691,70,55
367740,2,HANARO Fn5G산업,12150,3,0,0.0,12036.0,-8.1077,0,0,55
373490,2,KODEX 코리아혁신성장액티브,10885,5,-150,-1.36,10854.0,-6.5544,511,5,54
437370,4,RISE 글로벌농업경제,9015,5,-140,-1.53,9056.0,1.6093,388,3,54
429980,7,SOL 한국형글로벌전기차&2차전지액티브,10815,5,-225,-2.04,10936.0,-11.0395,3490,37,54
105010,4,TIGER 라틴35,4505,5,-50,-1.1,4535.0,2.1071,3792,17,54
404540,2,TIGER KRX기후변화솔루션,9750,5,-265,-2.65,9749.0,-1.8426,386,3,54
461580,1,TIGER 코스닥글로벌,10690,5,-40,-0.37,10746.0,-12.2075,167,1,53
373530,4,PLUS 신흥국MSCI인버스(합성 H),10265,2,30,0.29,10304.0,-2.7554,442,4,53
397420,6,RISE 국채선물5년추종,52210,5,-75,-0.14,52244.0,1.1902,4,0,53
0004G0,4,1Q 미국배당30,8785,5,-45,-0.51,8786.0,-10.2916,15797,139,53
395750,2,PLUS ESG가치주액티브,8095,5,-5,-0.06,8089.0,-1.7944,29,0,53
391670,1,HK 베스트일레븐액티브,10410,3,0,0.0,10538.0,12.4797,0,0,52
402460,2,HANARO Fn K-메타버스MZ,6870,5,-40,-0.58,6887.0,-3.8007,1091,7,52
380340,2,ACE Fn5G플러스,8560,5,-5,-0.06,8538.0,-10.6417,46,0,51
432600,6,RISE 국채선물3년,55550,5,-75,-0.13,55587.0,1.1547,4,0,51
450180,7,KODEX 한중전기차(합성),7855,5,-80,-1.01,7864.0,-13.75,100,0,51
487130,2,KoAct AI인프라액티브,8385,5,-10,-0.12,8412.0,-7.2376,14751,123,50
321410,7,KODEX 멀티에셋하이인컴(H),9975,5,-5,-0.05,9957.0,1.7848,52,0,50
314700,2,HANARO 농업융복합산업,8970,5,-70,-0.77,8958.0,-0.0553,263,2,49
346000,6,HANARO KAP초장기국고채,41555,2,5,0.01,41616.0,0.9892,50,2,49
485810,4,TIMEFOLIO 글로벌안티에이징바이오액티브,8075,5,-50,-0.62,8116.0,-14.0212,829,6,48
291890,4,KODEX MSCI EM선물(H),8765,2,30,0.34,8762.0,0.9826,113,0,48
140570,2,RISE 수출주,11865,5,-75,-0.63,11880.0,-2.4749,52,0,47
373790,4,KIWOOM 미국방어배당성장나스닥,14695,5,-150,-1.01,14700.0,-3.6102,8492,125,47
476310,4,RISE 글로벌비만산업TOP2+,8485,5,-80,-0.93,8544.0,-15.0719,6270,53,47
301400,1,PLUS 코스닥150,11655,5,-30,-0.26,11676.0,-11.8712,35,0,47
486780,3,HANARO 200선물레버리지1.5X,12035,2,25,0.21,12091.0,-2.3974,226,2,46
252410,3,RISE 200선물인버스,5630,2,10,0.18,5618.0,0.3571,376,2,45
266390,2,KODEX 경기소비재,8980,2,150,1.7,8951.0,5.9642,27754,247,45
407170,2,KCGI 스마트커머스액티브,8965,2,90,1.01,8976.0,3.5589,1923,17,45
467540,1,KIWOOM 코스닥글로벌,11055,5,-25,-0.23,11058.0,-11.4451,50,0,44
139290,2,TIGER 200 경기소비재,15605,2,95,0.61,15600.0,0.9765,181,2,44
244670,2,KODEX 밸류Plus,8705,2,50,0.58,8709.0,5.8456,1665,14,44
256450,4,PLUS 심천차이넥스트(합성),8630,3,0,0.0,8515.0,-13.1354,211,1,43
227550,2,TIGER 200 산업재,8190,5,-30,-0.36,8227.0,2.3406,86,0,43
252000,1,TIGER 200동일가중,12155,2,35,0.29,12176.0,1.5926,33,0,43
244660,2,KODEX 퀄리티Plus,8420,3,0,0.0,8472.0,1.1289,0,0,42
381570,2,HANARO Fn친환경에너지,5985,5,-210,-3.39,5986.0,-8.6822,8434,50,42
407160,2,KCGI 테크미디어텔레콤액티브,8270,2,30,0.36,8277.0,-7.4158,107,0,41
291680,4,RISE 차이나H선물인버스(H),8200,5,-20,-0.24,8279.0,-2.6643,1562,12,41
334690,5,RISE 팔라듐선물(H),5095,5,-75,-1.45,5149.0,3.1936,5661,28,41
454180,4,KIWOOM 차이나내수소비TOP CSI,9010,5,-110,-1.21,8994.0,-4.0505,4891,44,41
419170,4,HANARO 미국메타버스iSelect,16005,2,95,0.6,16081.0,-7.0407,106,1,40
433250,1,UNICORN R&D 액티브,11415,5,-150,-1.3,11462.0,-2.9782,134,1,40
476000,2,UNICORN 포스트IPO액티브,7090,5,-30,-0.42,7101.0,-2.5326,5,0,39
471290,6,HANARO CD금리액티브(합성),105105,2,25,0.02,105085.0,0.6176,1086,114,39
427120,2,RISE 플랫폼테마,7135,2,70,0.99,7154.0,-4.2034,448,3,39
487750,2,BNK 온디바이스AI,6955,5,-155,-2.18,6949.0,-14.5433,762,5,38
0008E0,4,ACE 미국중심중소형제조업,8425,5,-125,-1.46,8436.0,-4.7885,2606,21,38
277650,2,TIGER 코스피중형주,14985,2,145,0.98,14974.0,0.0741,7,0,37
486790,3,HANARO 코스닥150선물레버리지1.5X,10385,2,85,0.83,10471.0,-19.279,30,0,37
291620,3,KIWOOM 코스닥150선물인버스,7180,2,20,0.28,7171.0,12.1378,1602,11,37
220130,4,SOL 차이나강소기업CSI500(합성 H),4565,5,-35,-0.76,4551.0,-4.1667,908,4,37
476260,2,HANARO 반도체핵심공정주도주,5600,5,-55,-0.97,5601.0,-19.1912,4130,23,36
306520,3,HANARO 200선물인버스,10175,5,-5,-0.05,10151.0,0.6923,580,5,36
413220,4,SOL 차이나태양광CSI(합성),3535,5,-55,-1.53,3533.0,-13.2851,5151,18,35
466810,2,BNK 2차전지양극재,3535,5,-140,-3.81,3542.0,-34.6667,24750,88,35
253240,3,KIWOOM 200선물인버스,5665,5,-20,-0.35,5669.0,0.5305,4167,23,34
139240,2,TIGER 200 철강소재,8480,3,0,0.0,8482.0,-11.4083,697,5,34
238670,7,PLUS 스마트베타Quality채권혼합,11175,2,35,0.31,11171.0,0.4146,28,0,34
139310,5,TIGER 금속선물(H),5585,5,-75,-1.33,5630.0,-3.1651,1072,5,34
266550,2,PLUS 중형주저변동50,13000,2,210,1.64,12975.0,5.034,20,0,33
243890,2,TIGER 200에너지화학레버리지,2905,5,-120,-3.97,2900.0,-26.5777,43451,126,32
483030,4,KIWOOM 미국블록버스터바이오테크의약품+,8980,2,20,0.22,8936.0,-10.8192,6363,57,31
437550,7,KIWOOM 글로벌리츠이지스액티브,10150,3,0,0.0,10237.0,-5.7568,3,0,30
482030,2,KoAct 테크핵심소재공급망액티브,5965,5,-50,-0.83,5980.0,-19.0445,321,1,30
450120,2,KIWOOM SK그룹대표주,11735,5,-5,-0.04,11742.0,-14.0557,125,1,29
473500,4,KIWOOM 글로벌전력반도체,6500,2,100,1.56,6586.0,-24.6527,11705,76,29
426330,4,KIWOOM 미국ETF산업STOXX,14600,5,-75,-0.51,14648.0,-5.3532,592,8,29
429870,7,KIWOOM 리츠이지스액티브,7295,2,5,0.07,7297.0,0.1373,48,0,29
098560,2,TIGER 방송통신,7690,5,-15,-0.19,7667.0,4.3613,1347,10,28
145670,3,ACE 인버스,5460,5,-10,-0.18,5463.0,0.4591,3433,18,27
334700,5,RISE 팔라듐선물인버스(H),5440,2,45,0.83,5458.0,-5.6819,752,4,27
407300,2,HANARO Fn골프테마,6700,2,125,1.9,6726.0,8.0525,2742,18,27
433860,7,PLUS TDF2040액티브,12725,5,-75,-0.59,12773.0,-2.3647,1369,17,27
433870,7,PLUS TDF2050액티브,13875,2,95,0.69,13839.0,-4.6037,471,6,26
465620,4,ACE 미국빅테크TOP7 Plus인버스(합성),10335,5,-15,-0.14,10283.0,5.0761,3965,40,26
261060,2,TIGER 코스닥150IT,11585,2,20,0.17,11585.0,-16.4439,379,4,25
433850,7,PLUS TDF2030액티브,12330,5,-140,-1.12,12428.0,-1.2278,5,0,25
275750,3,RISE 코스닥150선물인버스,4055,2,15,0.37,4047.0,11.9113,10571,42,24
415920,5,PLUS 글로벌희토류&전략자원생산기업,3615,3,0,0.0,3566.0,-15.2404,13980,50,23
291630,3,KIWOOM 코스닥150선물레버리지,3310,5,-30,-0.9,3312.0,-24.091,5946,19,22
301410,3,PLUS 코스닥150선물인버스,6120,2,20,0.33,6126.0,12.1323,301,1,21
306530,3,HANARO 코스닥150선물레버리지,6650,5,-35,-0.52,6656.0,-24.5911,1849,12,20
472490,4,HANARO 미국애그테크,12015,2,55,0.46,11991.0,-0.7057,13,0,18
470310,2,UNICORN 생성형AI강소기업액티브,7175,3,0,0.0,7202.0,-14.2772,234,1,18
432850,4,HANARO 글로벌백신치료제MSCI,10065,5,-110,-1.08,10075.0,-12.6985,376,3,15
412560,2,TIGER BBIG레버리지,1488,5,-52,-3.38,1492.0,-27.3585,19762,29,14
